DATE,hpi,gdp,unemployment,property_price,personal_income,population,permit,new_homes,delinquency,men_married,men_unmarried_divorced,men_unmarried_widowed,women_married,women_unmarried_divorced,women_unmarried_widowed,immigrants,quarter,month,year,weekofyear
1987-01-01,63.965,4722.156,6.6,85.2524,3820.2,241857.0,1690.0,1774.0,1.98951565830569,59039.00000000001,8556.0,2542.0,60001.0,11162.0,10944.0,599889.0,1,1,1987,3
1987-02-01,64.423,4774.2230023308175,6.6,85.76836659411924,3845.0,242005.0,1689.0,1784.0,1.9895239239846008,59039.00000000001,8556.0,2542.0,60001.00000000001,11162.0,10944.0,599889.0,1,2,1987,6
1987-03-01,64.735,4803.592036436256,6.6,86.06096772601748,3863.8,242166.0,1704.0,1726.0,1.9895242925166756,59039.00000000001,8556.0,2542.0,60001.0,11162.0,10944.0,599889.0,1,3,1987,6
1987-04-01,65.131,4806.16,6.3,86.0896,3875.4,242338.0,1601.0,1614.0,1.989516697927847,59039.00000000001,8556.000000000002,2542.0000000000005,60001.00000000001,11162.000000000002,10944.0,599889.0,2,4,1987,2
1987-05-01,65.563,4834.2031833582305,6.3,86.37067147187516,3908.6,242516.0,1500.0,1628.0,1.9895250402945488,59038.99999999999,8556.0,2542.0,60001.0,11162.0,10944.0,599889.0,2,5,1987,4
1987-06-01,66.071,4859.710010747456,6.2,86.63837155967273,3919.7,242706.0,1522.0,1594.0,1.9895255373311251,59039.00000000001,8556.0,2541.9999999999995,60001.0,11162.0,10944.0,599889.0,2,6,1987,0
1987-07-01,66.508,4884.555,6.1,86.9421,3942.1,242908.0,1516.0,1575.0,1.9895181414490306,59038.99999999999,8556.0,2541.9999999999995,60000.99999999999,11162.0,10943.999999999996,599889.0,3,7,1987,2
1987-08-01,66.938,4890.6417139344,6.0,86.92541366251707,3978.6,243118.0,1511.0,1605.0,1.9895267021852465,59039.00000000001,8556.000000000002,2542.0,60001.00000000001,11162.0,10944.0,599889.0,3,8,1987,5
1987-09-01,67.331,4917.855803265528,5.9,87.14353816283885,3995.6,243335.0,1514.0,1695.0,1.9895274003632355,59038.99999999999,8556.0,2542.0,60000.999999999985,11161.999999999998,10943.999999999998,599889.0,3,9,1987,1
1987-10-01,67.73899999999999,5007.994,6.0,87.9304,4034.7,243543.0,1447.0,1515.0,1.9895199546005948,59039.00000000001,8556.000000000002,2542.0,60001.0,11162.000000000002,10944.000000000002,599889.0,4,10,1987,3
1987-11-01,68.108,4942.583843416626,5.8,87.35277610338927,4062.1,243724.0,1457.0,1656.0,1.9895285513909668,59039.000000000015,8556.0,2542.0000000000005,60001.0,11162.000000000002,10944.0,599889.0,4,11,1987,6
1987-12-01,68.505,4925.606563994105,5.7,87.20064916132668,4115.7,243895.0,1345.0,1400.0,1.989528898673028,59039.0,8556.0,2542.0000000000005,60001.0,11162.000000000002,10944.000000000002,599889.0,4,12,1987,1
1988-01-01,68.857,5073.372,5.7,88.7984,4128.2,244056.0,1244.0,1271.0,2.0886466625527964,58733.35553124994,8386.615750076935,2562.3261099907672,59498.11698245063,11110.055496690258,11007.989605526489,641346.0,1,1,1988,4
1988-02-01,69.26100000000001,5172.345540680551,5.7,89.8691082032227,4153.0,244205.0,1438.0,1473.0,2.0885871636345827,58633.0,8331.0,2569.0,59333.0,11093.0,11029.0,641346.0,1,2,1988,0
1988-03-01,69.637,5192.995167203804,5.7,90.06974206219871,4178.3,244362.0,1525.0,1532.0,2.088580479904262,58633.0,8331.0,2569.0,59333.0,11093.0,11029.0,641346.0,1,3,1988,1
1988-04-01,69.976,5190.036,5.4,89.9367,4209.5,244528.0,1429.0,1573.0,2.0886269168588334,58733.40914124011,8386.645460046859,2562.322544794377,59498.205188050226,11110.064607747701,11007.978381760075,641346.0,2,4,1988,4
1988-05-01,70.426,5217.076483686339,5.6,90.36980929340133,4225.9,244708.0,1444.0,1421.0,2.088568436393279,58633.00000000001,8331.000000000002,2569.0000000000005,59333.00000000001,11093.0,11029.0,641346.0,2,5,1988,6
1988-06-01,70.889,5247.233639178797,5.4,90.7699337551845,4258.9,244914.0,1485.0,1478.0,2.088559493143979,58633.00000000001,8331.000000000002,2569.0,59333.0,11093.000000000002,11029.0,641346.0,2,6,1988,2
1988-07-01,71.355,5282.835,5.4,91.256,4298.8,245131.0,1439.0,1467.0,2.0886045932092925,58733.47369660692,8386.681235804324,2562.3182517034807,59498.31140229906,11110.075578979991,11007.964866473922,641346.0,3,7,1988,4
1988-08-01,71.8,5282.213875905868,5.6,91.2045229527624,4323.0,245352.0,1460.0,1493.0,2.088540911291234,58632.99999999999,8331.0,2569.0,59332.99999999999,11093.0,11028.999999999998,641346.0,3,8,1988,0
1988-09-01,72.241,5318.025261474692,5.4,91.61708814689369,4352.5,245579.0,1436.0,1492.0,2.088530892042254,58633.0,8331.0,2569.0,59332.99999999999,11093.0,11029.0,641346.0,3,9,1988,3
1988-10-01,72.63600000000001,5399.509,5.4,92.5778,4391.1,245789.0,1516.0,1522.0,2.0885755855727415,58733.55348952134,8386.725456015525,2562.3129452781372,59498.442687192764,11110.089139844762,11007.948161060802,641346.0,4,10,1988,5
1988-11-01,73.072,5341.616982947362,5.3,91.89247516181821,4402.5,245970.0,1508.0,1569.0,2.0885114287404694,58633.0,8331.0,2569.0,59333.0,11093.0,11029.000000000002,641346.0,4,11,1988,1
1988-12-01,73.465,5318.288025423329,5.3,91.615673868332,4438.6,246140.0,1501.0,1563.0,2.0885029915167665,58633.0,8331.0,2569.0,59333.0,11093.0,11028.999999999998,641346.0,4,12,1988,3
1989-01-01,73.947,5511.253,5.4,93.6124,4501.5,246301.0,1466.0,1621.0,2.3006356839865507,61209.0,8757.999999999998,2540.0,61888.99999999999,11980.0,11526.0,1090172.0,1,1,1989,6
1989-02-01,74.383,5584.553002032468,5.2,93.74417399482424,4529.6,246454.0,1383.0,1425.0,2.300638873349615,61209.0,8758.000000000002,2539.9999999999995,61889.00000000001,11980.0,11526.000000000002,1090172.0,1,2,1989,2
1989-03-01,74.779,5608.155432596898,5.0,93.76495135037706,4570.2,246626.0,1214.0,1422.0,2.300639265904425,61209.0,8758.0,2540.0,61889.00000000001,11980.0,11526.0,1090172.0,1,3,1989,2
1989-04-01,75.085,5612.463,5.2,93.5733,4582.5,246814.0,1376.0,1339.0,2.3006374872959006,61208.99999999999,8757.999999999998,2539.9999999999995,61888.99999999999,11980.0,11526.0,1090172.0,2,4,1989,5
1989-05-01,75.306,5629.574547366364,5.2,93.81169629013664,4579.4,247010.0,1381.0,1331.0,2.3006407310785297,61209.0,8758.0,2540.0,61889.00000000001,11980.0,11526.0,1090172.0,2,5,1989,0
1989-06-01,75.48,5657.116284230867,5.3,93.9923363874203,4602.2,247228.0,1322.0,1397.0,2.300641367769372,61209.0,8758.0,2540.0,61889.0,11980.0,11526.0,1090172.0,2,6,1989,3
1989-07-01,75.656,5695.365,5.2,94.1373,4628.5,247458.0,1283.0,1427.0,2.300639500047569,61209.0,8757.999999999998,2540.0,61889.0,11980.0,11526.0,1090172.0,3,7,1989,5
1989-08-01,75.835,5680.279208024249,5.2,94.16333467070896,4639.1,247695.0,1334.0,1332.0,2.300642826985053,61208.99999999999,8758.0,2540.0,61888.99999999999,11980.0,11525.999999999998,1090172.0,3,8,1989,1
1989-09-01,76.056,5696.3689981821035,5.3,94.32714415307363,4662.3,247942.0,1314.0,1279.0,2.3006435314990807,61209.0,8758.0,2539.9999999999995,61888.99999999999,11980.0,11525.999999999998,1090172.0,3,9,1989,4
1989-10-01,76.283,5747.237,5.3,94.7279,4703.0,248174.0,1365.0,1410.0,2.3006418090182077,61209.0,8758.0,2540.0,61889.0,11980.000000000002,11526.0,1090172.0,4,10,1989,6
1989-11-01,76.521,5710.092709584735,5.4,94.44962773877917,4718.1,248380.0,1344.0,1351.0,2.300644885430933,61208.99999999999,8758.0,2540.0,61888.999999999985,11979.999999999998,11526.0,1090172.0,4,11,1989,2
1989-12-01,76.705,5693.869706212812,5.4,94.3335286882112,4735.7,248569.0,1422.0,1251.0,2.300645509074895,61209.00000000001,8758.0,2540.0,61889.00000000001,11980.000000000002,11526.0,1090172.0,4,12,1989,4
1990-01-01,76.89699999999999,5872.701,5.4,94.0502,4783.8,248743.0,1748.0,1551.0,1.7225971576803651,55833.0,6283.0,2333.0,56797.0,8845.0,11477.0,1535872.0,1,1,1990,0
1990-02-01,77.053,5934.24711224546,5.3,93.00383754889855,4819.8,248920.0,1329.0,1437.0,1.7225858455840157,55833.0,6283.0,2333.0,56797.0,8845.0,11477.0,1535872.0,1,2,1990,3
1990-03-01,77.20100000000001,5950.51054248401,5.2,92.86296470960144,4842.7,249146.0,1246.0,1289.0,1.7225860574975476,55833.0,6283.0,2333.0,56797.0,8845.0,11477.0,1535872.0,1,3,1990,3
1990-04-01,77.278,5960.028,5.4,93.2186,4883.8,249436.0,1136.0,1248.0,1.722597934027239,55833.0,6283.0,2333.0,56797.0,8845.0,11477.0,1535872.0,2,4,1990,6
1990-05-01,77.297,5967.930235490776,5.4,92.50029073309676,4889.5,249707.0,1067.0,1212.0,1.7225865830695077,55833.0,6283.0,2333.0,56797.0,8845.0,11477.0,1535872.0,2,5,1990,1
1990-06-01,77.258,5984.304392312453,5.2,91.9514671689548,4919.3,249990.0,1108.0,1177.0,1.7225868429185156,55833.0,6283.0,2333.0,56797.0,8845.0,11477.0,1535872.0,2,6,1990,4
1990-07-01,77.139,6015.116,5.5,91.4427,4948.2,250285.0,1078.0,1171.0,1.72259887042283,55833.0,6283.0,2333.0,56797.0,8845.0,11477.0,1535872.0,3,7,1990,6
1990-08-01,77.009,5993.203583434799,5.7,91.39407219228804,4949.9,250595.0,1069.0,1115.0,1.7225874116213575,55833.0,6283.0,2333.0,56797.0,8845.0,11477.0,1535872.0,3,8,1990,2
1990-09-01,76.85,5992.765291419212,5.9,90.7792533716702,4978.6,250904.0,976.0,1110.0,1.722587707847831,55833.0,6283.0,2333.0,56797.0,8845.0,11477.0,1535872.0,3,9,1990,5
1990-10-01,76.699,6004.733,5.9,89.4855,4966.5,251201.0,925.0,1014.0,1.7225999215045202,55833.0,6283.0,2333.0,56797.0,8845.0,11477.0,1535872.0,4,10,1990,0
1990-11-01,76.369,5992.606057284365,6.2,90.51945363487312,4973.5,251486.0,941.0,1145.0,1.7225882656880083,55833.0,6283.0,2333.0,56797.0,8845.0,11477.0,1535872.0,4,11,1990,3
1990-12-01,76.184,5987.957734316639,6.3,90.84278911494427,5004.1,251758.0,861.0,969.0,1.7225885311214635,55833.0,6283.0,2333.0,56797.0,8845.0,11477.0,1535872.0,4,12,1990,5
1991-01-01,75.915,6035.178,6.4,88.1239,4990.4,252012.0,786.0,798.0,3.09,68713.0,11082.0,3782.0,69044.0,14882.0,11328.0,1826595.0,1,1,1991,1
1991-02-01,75.733,6096.967243677602,6.6,87.93563232918983,4997.1,252253.0,853.0,965.0,3.144071739296384,68713.0,11082.0,3781.9999999999995,69044.0,14882.000000000002,11328.000000000002,1826595.0,1,2,1991,4
1991-03-01,75.569,6120.952471433556,6.8,87.94022809628174,5005.8,252507.0,911.0,921.0,3.166898500656861,68713.0,11082.0,3782.0000000000005,69044.0,14882.0,11327.999999999998,1826595.0,1,3,1991,4
1991-04-01,75.565,6126.862,6.7,88.2351,5034.3,252778.0,916.0,1001.0,3.18,68713.0,11082.000000000002,3782.0,69044.0,14882.000000000004,11328.000000000002,1826595.0,2,4,1991,0
1991-05-01,75.764,6147.70861479745,6.9,87.78001547195036,5055.9,253060.0,991.0,996.0,3.1875272330341153,68713.0,11082.000000000002,3782.0000000000005,69044.0,14882.000000000002,11328.0,1826595.0,2,5,1991,2
1991-06-01,75.992,6173.553881511509,6.9,87.4851767762339,5090.8,253350.0,964.0,1036.0,3.202550867143871,68713.0,11082.0,3782.0000000000005,69044.0,14882.0,11328.0,1826595.0,2,6,1991,5
1991-07-01,76.081,6205.937,6.8,87.2432,5087.0,253650.0,973.0,1063.0,3.22,68713.0,11081.999999999998,3782.0000000000005,69044.0,14882.0,11328.0,1826595.0,3,7,1991,0
1991-08-01,76.108,6196.572369489027,6.9,87.20262552563442,5108.4,253966.0,944.0,1049.0,3.2197396462461723,68713.0,11081.999999999998,3782.0,69044.0,14882.000000000002,11328.0,1826595.0,3,8,1991,3
1991-09-01,76.192,6216.982030638532,6.9,86.90090753755422,5141.5,254280.0,974.0,1015.0,3.2391397933988517,68713.0,11082.0,3782.0,69044.0,14882.0,11328.0,1826595.0,3,9,1991,6
1991-10-01,76.074,6264.54,7.0,86.3059,5157.7,254576.0,991.0,1079.0,3.28,68713.0,11082.0,3782.0000000000005,69044.0,14881.999999999998,11328.0,1826595.0,4,10,1991,1
1991-11-01,76.012,6228.401747443431,7.0,86.74006069886936,5177.0,254841.0,984.0,1103.0,3.249546367141447,68713.0,11082.0,3782.0000000000005,69044.00000000001,14882.000000000002,11328.000000000002,1826595.0,4,11,1991,4
1991-12-01,76.056,6212.833626701507,7.3,86.9205242131853,5233.0,255089.0,1061.0,1079.0,3.236611919564423,68713.0,11082.0,3782.0,69044.0,14882.0,11328.0,1826595.0,4,12,1991,6
1992-01-01,76.087,6363.102,7.3,85.9164,5264.8,255331.0,1077.0,1176.0,3.12,62534.99999999999,8980.0,2648.0,63345.00000000001,12829.000000000002,11146.0,973445.0,1,1,1992,2
1992-02-01,76.156,6432.05182887649,7.4,85.39134933983107,5303.2,255576.0,1146.0,1250.0,3.0589019500002066,62535.000000000015,8980.000000000002,2648.0000000000005,63345.000000000015,12829.000000000004,11146.000000000004,973445.0,1,2,1992,5
1992-03-01,76.27600000000001,6466.341531334854,7.4,85.12273382106235,5323.8,255848.0,1082.0,1297.0,3.0333615143734582,62534.99999999999,8980.0,2648.0,63345.00000000001,12828.999999999998,11146.0,973445.0,1,3,1992,6
1992-04-01,76.345,6470.763,7.4,85.057,5357.4,256139.0,1054.0,1099.0,3.06,62535.0,8980.0,2647.9999999999995,63345.0,12828.999999999998,11146.0,973445.0,2,4,1992,2
1992-05-01,76.398,6501.059704684949,7.6,84.85074518905441,5392.4,256437.0,1056.0,1214.0,2.9953531771326842,62534.999999999985,8979.999999999998,2647.9999999999995,63344.999999999985,12828.999999999998,11146.0,973445.0,2,5,1992,4
1992-06-01,76.332,6532.809936221208,7.8,84.5944712067589,5424.0,256742.0,1057.0,1145.0,2.943188787765728,62534.99999999999,8979.999999999998,2648.0,63345.0,12829.0,11146.0,973445.0,2,6,1992,0
1992-07-01,76.263,6566.641,7.7,84.2302,5437.1,257063.0,1089.0,1139.0,2.88,62535.00000000001,8980.000000000002,2648.0,63344.99999999999,12829.0,11146.0,973445.0,3,7,1992,2
1992-08-01,76.23,6568.462904915955,7.6,84.38497960331041,5465.1,257390.0,1075.0,1226.0,2.8993161861255325,62534.99999999999,8980.000000000002,2648.0,63345.0,12829.000000000002,11146.0,973445.0,3,8,1992,5
1992-09-01,76.238,6605.157200023317,7.6,84.24601537596256,5452.8,257704.0,1114.0,1186.0,2.8666272926608873,62534.999999999985,8979.999999999998,2647.9999999999995,63345.0,12828.999999999998,11146.0,973445.0,3,9,1992,1
1992-10-01,76.375,6680.803,7.3,83.8807,5444.9,258004.0,1132.0,1244.0,2.79,62535.0,8980.000000000002,2648.0000000000005,63345.0,12829.000000000004,11146.000000000002,973445.0,4,10,1992,3
1992-11-01,76.557,6623.43799987546,7.4,84.17300991091709,5467.4,258280.0,1118.0,1214.0,2.849720807139033,62535.0,8980.000000000002,2648.000000000001,63345.000000000015,12829.000000000002,11146.000000000002,973445.0,4,11,1992,6
1992-12-01,76.67399999999999,6596.214928133106,7.4,84.31758626673424,5676.8,258546.0,1176.0,1227.0,2.8786199761191305,62535.0,8980.0,2648.0,63344.99999999999,12829.0,11146.0,973445.0,4,12,1992,1
1993-01-01,76.78399999999999,6729.459,7.3,83.4095,5534.1,258799.0,1177.0,1210.0,2.78,56833.0,6778.0,2468.0,57768.0,9883.0,11214.0,903916.0,1,1,1993,4
1993-02-01,76.837,6783.206379564508,7.1,83.35473138005881,5568.0,259036.0,1148.0,1210.0,2.7109894900997396,56833.0,6778.0,2468.0,57768.0,9883.0,11214.0,903916.0,1,2,1993,0
1993-03-01,76.868,6810.405756145887,7.0,83.30518875569736,5565.0,259283.0,1056.0,1083.0,2.6749614342453656,56833.0,6778.0,2468.0,57768.0,9883.0,11214.0,903916.0,1,3,1993,0
1993-04-01,76.936,6808.939,7.1,83.1692,5621.8,259547.0,1104.0,1258.0,2.67,56833.0,6778.0,2468.0,57768.0,9883.0,11214.0,903916.0,2,4,1993,3
1993-05-01,77.038,6835.3821784982,7.1,83.29848662864727,5637.9,259822.0,1112.0,1260.0,2.643717177380594,56833.0,6778.0,2468.0,57768.0,9883.0,11214.0,903916.0,2,5,1993,5
1993-06-01,77.243,6861.513920083921,7.0,83.36276104738549,5632.9,260109.0,1130.0,1280.0,2.614397252915488,56833.0,6778.0,2468.0,57768.0,9883.0,11214.0,903916.0,2,6,1993,1
1993-07-01,77.43,6882.098,6.9,83.4042,5660.1,260411.0,1174.0,1254.0,2.59,56833.0,6778.0,2468.0,57768.0,9883.0,11214.0,903916.0,3,7,1993,3
1993-08-01,77.612,6895.378212603016,6.8,83.4182434995719,5682.0,260717.0,1230.0,1300.0,2.5757471381453674,56833.0,6778.0,2468.0,57768.0,9883.0,11214.0,903916.0,3,8,1993,6
1993-09-01,77.794,6936.942045825448,6.7,83.47263647761069,5675.1,261015.0,1251.0,1343.0,2.528298176672676,56833.0,6778.0,2468.0,57768.0,9883.0,11214.0,903916.0,3,9,1993,2
1993-10-01,77.941,7013.738,6.8,83.5711,5669.1,261294.0,1287.0,1392.0,2.44,56833.0,6778.0,2468.0,57768.0,9883.0,11214.0,903916.0,4,10,1993,4
1993-11-01,78.14699999999999,6955.623916990538,6.6,83.49770865727895,5694.4,261550.0,1357.0,1376.0,2.5069788162120266,56833.0,6778.0,2468.0,57768.0,9883.0,11214.0,903916.0,4,11,1993,0
1993-12-01,78.325,6926.813070269896,6.5,83.4620505479386,5893.8,261796.0,1461.0,1533.0,2.540267647878978,56833.0,6778.0,2468.0,57768.0,9883.0,11214.0,903916.0,4,12,1993,2
1994-01-01,78.59100000000001,7115.652,6.6,83.2658,5779.0,262021.0,1390.0,1272.0,2.39,57068.0,7250.0,2222.0,58185.0,10129.0,11073.0,803993.0,1,1,1994,5
1994-02-01,78.727,7195.3349460717745,6.6,83.18397704696345,5798.0,262237.0,1269.0,1337.0,2.3097233785440663,57068.0,7250.0,2222.0,58185.0,10129.0,11073.0,803993.0,1,2,1994,1
1994-03-01,78.85600000000001,7239.001622545232,6.5,83.155810629864,5829.4,262491.0,1342.0,1564.0,2.2660599906055343,57068.0,7250.0,2222.0,58185.0,10129.0,11073.0,803993.0,1,3,1994,1
1994-04-01,78.986,7246.931,6.4,83.2195,5890.5,262754.0,1392.0,1465.0,2.26,57068.0,7250.0,2222.0,58185.0,10129.0,11073.0,803993.0,2,4,1994,4
1994-05-01,79.222,7270.040447840282,6.1,83.1053943813274,5911.1,263014.0,1396.0,1526.0,2.233686510696378,57068.0,7250.0,2222.0,58185.0,10129.0,11073.0,803993.0,2,5,1994,6
1994-06-01,79.422,7300.297833959121,6.1,83.00758664830862,5917.5,263294.0,1357.0,1409.0,2.1996515760155426,57068.0,7250.0,2222.0,58185.0,10129.0,11073.0,803993.0,2,6,1994,2
1994-07-01,79.594,7331.075,6.1,82.8818,5946.4,263580.0,1335.0,1439.0,2.16,57068.0,7250.0,2222.0,58185.0,10129.0,11073.0,803993.0,3,7,1994,4
1994-08-01,79.781,7335.389342363885,6.0,82.944790536646,5968.7,263871.0,1377.0,1450.0,2.1655073275013565,57068.0,7250.0,2222.0,58185.0,10129.0,11073.0,803993.0,3,8,1994,0
1994-09-01,79.92,7375.184843311079,5.9,82.91739032473764,6001.5,264159.0,1412.0,1474.0,2.132101728661966,57068.0,7250.0,2222.0,58185.0,10129.0,11073.0,803993.0,3,9,1994,3
1994-10-01,80.065,7455.288,5.8,82.8292,6065.3,264430.0,1397.0,1450.0,2.06,57068.0,7250.0,2222.0,58185.0,10129.0,11073.0,803993.0,4,10,1994,5
1994-11-01,80.15,7393.171953932525,5.6,82.90309055984352,6075.4,264681.0,1340.0,1511.0,2.116780999629169,57068.0,7250.0,2222.0,58185.0,10129.0,11073.0,803993.0,4,11,1994,1
1994-12-01,80.296,7369.986824899347,5.5,82.93242242856239,6108.1,264924.0,1396.0,1455.0,2.1382707624112736,57068.0,7250.0,2222.0,58185.0,10129.0,11073.0,803993.0,4,12,1994,3
1995-01-01,80.426,7522.289,5.6,82.4352,6148.6,265157.0,1282.0,1407.0,2.08,57570.0,7383.0,2284.0,58984.0,10270.0,11082.0,720177.0,1,1,1995,6
1995-02-01,80.528,7570.638822337622,5.4,82.41159531091124,6173.3,265383.0,1254.0,1316.0,2.1021263170596947,57570.0,7383.0,2284.0,58984.0,10270.0,11082.0,720177.0,1,2,1995,2
1995-03-01,80.598,7590.779132521831,5.4,82.36614047382534,6200.3,265625.0,1226.0,1249.0,2.1121112233712602,57570.0,7383.0,2284.0,58984.0,10270.0,11082.0,720177.0,1,3,1995,2
1995-04-01,80.661,7580.997,5.8,82.24,6223.9,265877.0,1259.0,1267.0,2.11,57570.0,7383.0,2284.0,58984.0,10270.0,11082.0,720177.0,2,4,1995,5
1995-05-01,80.703,7614.797908392358,5.6,82.3915770808567,6238.3,266134.0,1271.0,1314.0,2.1231648733260715,57570.0,7383.0,2284.0,58984.0,10270.0,11082.0,720177.0,2,5,1995,0
1995-06-01,80.785,7645.639456642568,5.6,82.48544639669315,6267.4,266414.0,1305.0,1281.0,2.1370286717048024,57570.0,7383.0,2284.0,58984.0,10270.0,11082.0,720177.0,2,6,1995,3
1995-07-01,80.936,7683.125,5.7,82.61399999999999,6296.3,266700.0,1354.0,1461.0,2.16,57570.0,7383.0,2284.0,58984.0,10270.0,11082.0,720177.0,3,7,1995,5
1995-08-01,81.11,7679.207428831977,5.7,82.55068923319881,6319.0,266998.0,1386.0,1416.0,2.1490437002494343,57570.0,7383.0,2284.0,58984.0,10270.0,11082.0,720177.0,3,8,1995,1
1995-09-01,81.306,7710.233964252274,5.6,82.56620211387542,6347.7,267304.0,1421.0,1369.0,2.1542506779893427,57570.0,7383.0,2284.0,58984.0,10270.0,11082.0,720177.0,3,9,1995,4
1995-10-01,81.482,7772.586,5.5,82.6253,6373.5,267585.0,1400.0,1369.0,2.17,57570.0,7383.0,2284.0,58984.0,10270.0,11082.0,720177.0,4,10,1995,6
1995-11-01,81.619,7724.579211561338,5.6,82.57607151060036,6394.0,267829.0,1430.0,1452.0,2.1570263395513685,57570.0,7383.0,2284.0,58984.0,10270.0,11082.0,720177.0,4,11,1995,2
1995-12-01,81.736,7707.241870007149,5.6,82.55722985199233,6417.8,268047.0,1442.0,1431.0,2.152072283951811,57570.0,7383.0,2284.0,58984.0,10270.0,11082.0,720177.0,4,12,1995,4
1996-01-01,81.834,7868.468,5.6,82.5863,6453.9,268258.0,1387.0,1467.0,2.18,57656.0,7768.0,2478.0,58905.0,10521.0,11078.0,915560.0,1,1,1996,0
1996-02-01,81.95299999999999,7961.616860228298,5.5,82.48480758261809,6517.8,268480.0,1420.0,1491.0,2.216739207195813,57656.0,7768.0,2478.0,58905.0,10521.0,11078.0,915560.0,1,2,1996,3
1996-03-01,82.194,8013.247467384406,5.5,82.41833592293843,6560.4,268724.0,1437.0,1424.0,2.239679888518386,57656.0,7768.0,2478.0,58905.0,10521.0,11078.0,915560.0,1,3,1996,4
1996-04-01,82.42,8032.84,5.6,82.3523,6597.3,268980.0,1463.0,1516.0,2.26,57656.0,7768.0,2478.0,58905.0,10521.0,11078.0,915560.0,2,4,1996,0
1996-05-01,82.61,8055.321083073096,5.6,82.38339729290476,6637.3,269247.0,1457.0,1504.0,2.2514743010418865,57656.0,7768.0,2478.0,58905.0,10521.0,11078.0,915560.0,2,5,1996,2
1996-06-01,82.75200000000001,8090.8547478727805,5.3,82.38069273896896,6681.3,269527.0,1429.0,1467.0,2.2506245730631815,57656.0,7768.0,2478.0,58905.0,10521.0,11078.0,915560.0,2,6,1996,5
1996-07-01,82.928,8131.408,5.5,82.3726,6681.6,269822.0,1450.0,1472.0,2.24,57656.0,7768.0,2478.0,58905.0,10521.0,11078.0,915560.0,3,7,1996,0
1996-08-01,83.086,8128.183793412002,5.1,82.36471093096051,6709.4,270130.0,1413.0,1557.0,2.263821214245454,57656.0,7768.0,2478.0,58905.0,10521.0,11078.0,915560.0,3,8,1996,3
1996-09-01,83.256,8169.164230910519,5.2,82.3381369861315,6747.4,270433.0,1392.0,1475.0,2.2915318092416075,57656.0,7768.0,2478.0,58905.0,10521.0,11078.0,915560.0,3,9,1996,6
1996-10-01,83.37700000000001,8259.771,5.2,82.2826,6768.8,270730.0,1358.0,1392.0,2.34,57656.0,7768.0,2478.0,58905.0,10521.0,11078.0,915560.0,4,10,1996,1
1996-11-01,83.552,8188.632383668582,5.4,82.32590651533066,6802.4,271002.0,1412.0,1489.0,2.304267106981587,57656.0,7768.0,2478.0,58905.0,10521.0,11078.0,915560.0,4,11,1996,4
1996-12-01,83.721,8165.64211691664,5.4,82.33990554459798,6836.6,271243.0,1411.0,1370.0,2.2933861818136823,57656.0,7768.0,2478.0,58905.0,10521.0,11078.0,915560.0,4,12,1996,6
1997-01-01,83.955,8362.655,5.3,82.4067,6884.8,271472.0,1382.0,1355.0,2.3,57923.0,8231.0,2690.0,58829.0,11116.0,11058.0,797847.0,1,1,1997,2
1997-02-01,84.18,8466.044074012876,5.2,82.81838230524669,6920.9,271703.0,1445.0,1486.0,2.2834781187201534,57923.0,8231.0,2690.0,58829.0,11116.0,11058.0,797847.0,1,2,1997,5
1997-03-01,84.45100000000001,8509.8013742411,5.2,82.96578779988975,6960.8,271952.0,1436.0,1457.0,2.277675200668334,57923.0,8231.0,2690.0,58829.0,11116.0,11058.0,797847.0,1,3,1997,5
1997-04-01,84.62200000000001,8518.825,5.1,82.9084,6972.8,272213.0,1421.0,1492.0,2.28,57923.0,8231.0,2690.0,58829.0,11116.0,11058.0,797847.0,2,4,1997,1
1997-05-01,84.861,8554.871433525968,4.9,83.16031204897047,7001.3,272482.0,1414.0,1442.0,2.270441977287509,57923.0,8231.0,2690.0,58829.0,11116.0,11058.0,797847.0,2,5,1997,3
1997-06-01,85.081,8600.916117941188,5.0,83.38978299828536,7035.8,272767.0,1402.0,1494.0,2.262741301530071,57923.0,8231.0,2690.0,58829.0,11116.0,11058.0,797847.0,2,6,1997,6
1997-07-01,85.331,8662.823,4.9,83.6039,7071.7,273074.0,1440.0,1437.0,2.26,57923.0,8231.0,2690.0,58829.0,11116.0,11058.0,797847.0,3,7,1997,1
1997-08-01,85.573,8644.904416488647,4.8,83.65937924845676,7119.4,273395.0,1449.0,1390.0,2.2500345581215275,57923.0,8231.0,2690.0,58829.0,11116.0,11058.0,797847.0,3,8,1997,4
1997-09-01,85.85,8683.438536623544,4.9,83.97390569456675,7158.1,273703.0,1494.0,1546.0,2.231241712704958,57923.0,8231.0,2690.0,58829.0,11116.0,11058.0,797847.0,3,9,1997,0
1997-10-01,86.147,8765.907,4.7,84.5486,7205.1,273989.0,1499.0,1520.0,2.2,57923.0,8231.0,2690.0,58829.0,11116.0,11058.0,797847.0,4,10,1997,2
1997-11-01,86.632,8701.360895972248,4.6,84.11498856719088,7257.0,274249.0,1469.0,1510.0,2.223007985105941,57923.0,8231.0,2690.0,58829.0,11116.0,11058.0,797847.0,4,11,1997,5
1997-12-01,87.09200000000001,8673.815812277167,4.7,83.93576462577344,7300.0,274499.0,1456.0,1566.0,2.2323139940566548,57923.0,8231.0,2690.0,58829.0,11116.0,11058.0,797847.0,4,12,1997,0
1998-01-01,87.615,8866.48,4.6,86.0117,7368.9,274732.0,1555.0,1525.0,2.2,58633.0,8331.0,2569.0,59333.0,11093.0,11029.0,653206.0,1,1,1998,3
1998-02-01,88.00200000000001,8946.730091453108,4.6,86.59644702385584,7416.5,274943.0,1647.0,1584.0,2.156706712685349,58633.0,8331.0,2569.0,59333.0,11093.0,11029.0,653206.0,1,2,1998,6
1998-03-01,88.44200000000001,8979.83971023855,4.7,86.82716769115127,7464.0,275175.0,1605.0,1567.0,2.134036654055012,58633.0,8331.0,2569.0,59333.0,11093.0,11029.0,653206.0,1,3,1998,6
1998-04-01,88.87799999999999,8969.699,4.3,86.7112,7501.7,275434.0,1547.0,1540.0,2.12,58633.0,8331.0,2569.0,59333.0,11093.0,11029.0,653206.0,2,4,1998,2
1998-05-01,89.36399999999999,9021.968146154144,4.4,87.14272805467596,7547.0,275700.0,1554.0,1536.0,2.115712906492299,58633.0,8331.0,2569.0,59333.0,11093.0,11029.0,653206.0,2,5,1998,4
1998-06-01,89.845,9072.552578049932,4.5,87.54085785265936,7584.4,275976.0,1551.0,1641.0,2.1033727644899707,58633.0,8331.0,2569.0,59333.0,11093.0,11029.0,653206.0,2,6,1998,0
1998-07-01,90.31,9121.097,4.5,87.9125,7616.9,276266.0,1610.0,1698.0,2.09,58633.0,8331.0,2569.0,59333.0,11093.0,11029.0,653206.0,3,7,1998,2
1998-08-01,90.785,9125.11877380638,4.5,87.95364945789781,7656.2,276566.0,1654.0,1614.0,2.087330148414014,58633.0,8331.0,2569.0,59333.0,11093.0,11029.0,653206.0,3,8,1998,5
1998-09-01,91.258,9170.062506342978,4.6,88.30882745511329,7678.1,276859.0,1577.0,1582.0,2.0720240066142694,58633.0,8331.0,2569.0,59333.0,11093.0,11029.0,653206.0,3,9,1998,1
1998-10-01,91.717,9293.991,4.5,89.2806,7708.8,277140.0,1719.0,1715.0,2.03,58633.0,8331.0,2569.0,59333.0,11093.0,11029.0,653206.0,4,10,1998,3
1998-11-01,92.199,9206.43178345041,4.4,88.59526494840709,7745.7,277402.0,1672.0,1660.0,2.059770948669728,58633.0,8331.0,2569.0,59333.0,11093.0,11029.0,653206.0,4,11,1998,6
1998-12-01,92.712,9172.810042868361,4.4,88.33261283112816,7771.8,277658.0,1742.0,1792.0,2.0712617699459845,58633.0,8331.0,2569.0,59333.0,11093.0,11029.0,653206.0,4,12,1998,1
1999-01-01,93.208,9411.682,4.3,90.3018,7813.1,277891.0,1732.0,1748.0,1.94,59039.0,8556.0,2542.0,60001.0,11162.0,10944.0,644787.0,1,1,1999,4
1999-02-01,93.672,9495.355948439015,4.4,90.93750783052486,7840.9,278095.0,1720.0,1670.0,1.9479467002499817,59039.0,8556.0,2542.0,60001.0,11162.0,10944.0,644787.0,1,2,1999,0
1999-03-01,94.217,9535.968142493906,4.2,91.25167834493877,7855.9,278324.0,1665.0,1710.0,1.9425500470260144,59039.0,8556.0,2542.0,60001.0,11162.0,10944.0,644787.0,1,3,1999,0
1999-04-01,94.785,9526.21,4.3,91.2066,7871.1,278584.0,1600.0,1553.0,1.88,59039.0,8556.0,2542.0,60001.0,11162.0,10944.0,644787.0,2,4,1999,3
1999-05-01,95.344,9584.837427876286,4.2,91.62219127947424,7894.2,278859.0,1640.0,1611.0,1.965362868544122,59039.0,8556.0,2542.0,60001.0,11162.0,10944.0,644787.0,2,5,1999,5
1999-06-01,95.975,9637.51593602888,4.3,92.01358205527622,7925.1,279148.0,1702.0,1559.0,2.0311716329673937,59039.0,8556.0,2542.0,60001.0,11162.0,10944.0,644787.0,2,6,1999,1
1999-07-01,96.591,9686.626,4.3,92.4138,7965.8,279448.0,1682.0,1669.0,2.15,59039.0,8556.0,2542.0,60001.0,11162.0,10944.0,644787.0,3,7,1999,3
1999-08-01,97.219,9699.000220299682,4.2,92.4504132429905,8016.9,279752.0,1671.0,1648.0,2.053161521234578,59039.0,8556.0,2542.0,60001.0,11162.0,10944.0,644787.0,3,8,1999,6
1999-09-01,97.862,9763.459792532325,4.2,92.88146800388645,8041.2,280053.0,1551.0,1635.0,2.0165892405973183,59039.0,8556.0,2542.0,60001.0,11162.0,10944.0,644787.0,3,9,1999,2
1999-10-01,98.522,9900.169,4.1,93.8233,8102.4,280337.0,1649.0,1608.0,1.99,59039.0,8556.0,2542.0,60001.0,11162.0,10944.0,644787.0,4,10,1999,4
1999-11-01,99.154,9799.75023842905,4.1,93.1270580570758,8165.3,280594.0,1672.0,1648.0,2.0019721275336977,59039.0,8556.0,2542.0,60001.0,11162.0,10944.0,644787.0,4,11,1999,0
1999-12-01,99.844,9756.872742802894,4.0,92.82806931335088,8251.2,280846.0,1683.0,1708.0,2.0043232158387876,59039.0,8556.0,2542.0,60001.0,11162.0,10944.0,644787.0,4,12,1999,2
2000-01-01,100.551,10002.179,4.0,95.1931,8348.0,281083.0,1727.0,1636.0,1.95,59684.0,8572.0,2604.0,60527.0,11309.0,11061.0,841002.0,1,1,2000,5
2000-02-01,101.339,10132.909108659054,4.1,96.18387941586171,8408.8,281299.0,1692.0,1737.0,1.992125828200381,59684.0,8572.0,2604.0,60527.0,11309.0,11061.0,841002.0,1,2,2000,1
2000-03-01,102.127,10203.36193591683,4.0,96.62291482222699,8468.3,281531.0,1651.0,1604.0,2.0037610519764573,59684.0,8572.0,2604.0,60527.0,11309.0,11061.0,841002.0,1,3,2000,2
2000-04-01,102.922,10247.72,3.8,96.6309,8506.8,281763.0,1597.0,1626.0,1.98,59684.0,8572.0,2604.0,60527.0,11309.0,11061.0,841002.0,2,4,2000,5
2000-05-01,103.677,10250.005288319298,4.0,97.05166232705287,8544.5,281996.0,1543.0,1575.0,2.0272424270062266,59684.0,8572.0,2604.0,60527.0,11309.0,11061.0,841002.0,2,5,2000,0
2000-06-01,104.424,10278.084071362608,4.0,97.49204449602817,8597.8,282247.0,1572.0,1559.0,2.0619663595651803,59684.0,8572.0,2604.0,60527.0,11309.0,11061.0,841002.0,2,6,2000,3
2000-07-01,105.054,10318.165,4.0,97.9506,8665.3,282504.0,1542.0,1463.0,2.09,59684.0,8572.0,2604.0,60527.0,11309.0,11061.0,841002.0,3,7,2000,5
2000-08-01,105.768,10314.550038069972,4.1,98.00050245711873,8712.2,282769.0,1552.0,1541.0,2.1014573334159175,59684.0,8572.0,2604.0,60527.0,11309.0,11061.0,841002.0,3,8,2000,1
2000-09-01,106.538,10353.025603256492,3.9,98.5410828124038,8757.7,283033.0,1570.0,1507.0,2.145488856866615,59684.0,8572.0,2604.0,60527.0,11309.0,11061.0,841002.0,3,9,2000,4
2000-10-01,107.382,10435.744,3.9,99.6332,8792.1,283285.0,1577.0,1549.0,2.23,59684.0,8572.0,2604.0,60527.0,11309.0,11061.0,841002.0,4,10,2000,6
2000-11-01,108.302,10370.96632662329,3.9,98.79438396563467,8809.9,283523.0,1614.0,1551.0,2.1661147088660737,59684.0,8572.0,2604.0,60527.0,11309.0,11061.0,841002.0,4,11,2000,2
2000-12-01,109.142,10344.598883219813,3.9,98.45906208391085,8844.0,283748.0,1543.0,1532.0,2.1409427424161014,59684.0,8572.0,2604.0,60527.0,11309.0,11061.0,841002.0,4,12,2000,4
2001-01-01,109.846,10470.231,4.2,101.0479,8940.9,283960.0,1699.0,1600.0,2.34,61209.0,8758.0,2540.0,61889.0,11980.0,11526.0,1058902.0,1,1,2001,0
2001-02-01,110.501,10530.677197961919,4.2,101.78549957233352,8975.8,284166.0,1656.0,1625.0,2.33868102226863,61209.0,8758.0,2540.0,61889.0,11980.0,11526.0,1058902.0,1,2,2001,3
2001-03-01,111.108,10567.030841962802,4.3,102.05538989251153,9009.4,284380.0,1659.0,1590.0,2.351981989640172,61209.0,8758.0,2540.0,61889.0,11980.0,11526.0,1058902.0,1,3,2001,3
2001-04-01,111.652,10599.0,4.4,101.7624,9008.9,284602.0,1666.0,1649.0,2.41,61209.0,8758.0,2540.0,61889.0,11980.0,11526.0,1058902.0,2,4,2001,6
2001-05-01,112.164,10586.784984452386,4.3,102.47233901047855,9011.1,284834.0,1665.0,1605.0,2.331695034606212,61209.0,8758.0,2540.0,61889.0,11980.0,11526.0,1058902.0,2,5,2001,1
2001-06-01,112.797,10591.669247579532,4.5,103.049290204275,9017.1,285076.0,1626.0,1636.0,2.2736674695691974,61209.0,8758.0,2540.0,61889.0,11980.0,11526.0,1058902.0,2,6,2001,4
2001-07-01,113.491,10598.02,4.6,103.559,9014.6,285324.0,1598.0,1670.0,2.19,61209.0,8758.0,2540.0,61889.0,11980.0,11526.0,1058902.0,3,7,2001,6
2001-08-01,114.167,10634.357387793565,4.9,104.21835212673658,9001.4,285584.0,1615.0,1567.0,2.24458982362718,61209.0,8758.0,2540.0,61889.0,11980.0,11526.0,1058902.0,3,8,2001,2
2001-09-01,114.812,10653.366680056626,5.0,104.8528214845315,8975.3,285842.0,1565.0,1562.0,2.2561298579545883,61209.0,8758.0,2540.0,61889.0,11980.0,11526.0,1058902.0,3,9,2001,5
2001-10-01,115.31,10660.465,5.3,105.5555,8987.3,286086.0,1566.0,1540.0,2.26,61209.0,8758.0,2540.0,61889.0,11980.0,11526.0,1058902.0,4,10,2001,0
2001-11-01,115.857,10701.25937711392,5.5,105.93071458030879,8985.1,286315.0,1651.0,1602.0,2.234735565415516,61209.0,8758.0,2540.0,61889.0,11980.0,11526.0,1058902.0,4,11,2001,3
2001-12-01,116.455,10725.953624521986,5.7,106.24779746865117,8990.7,286533.0,1680.0,1568.0,2.226096646270703,61209.0,8758.0,2540.0,61889.0,11980.0,11526.0,1058902.0,4,12,2001,5
2002-01-01,117.143,10783.5,5.7,107.0951,9015.6,286739.0,1665.0,1698.0,2.24,61268.0,8686.0,2636.0,62102.0,12268.0,11408.0,1059356.0,1,1,2002,1
2002-02-01,117.844,10819.996671045308,5.7,107.7970789509324,9031.9,286935.0,1787.0,1829.0,2.2046615340113074,61268.0,8686.0,2636.0,62102.0,12268.0,11408.0,1059356.0,1,2,2002,4
2002-03-01,118.687,10848.779651796904,5.7,108.23653984726796,9050.7,287131.0,1691.0,1642.0,2.1846020415331395,61268.0,8686.0,2636.0,62102.0,12268.0,11408.0,1059356.0,1,3,2002,4
2002-04-01,119.611,10887.46,5.9,108.7006,9099.9,287343.0,1669.0,1592.0,2.16,61268.0,8686.0,2636.0,62102.0,12268.0,11408.0,1059356.0,2,4,2002,0
2002-05-01,120.724,10916.083071570389,5.8,109.53164395150179,9131.0,287571.0,1716.0,1764.0,2.1390299862525106,61268.0,8686.0,2636.0,62102.0,12268.0,11408.0,1059356.0,2,5,2002,2
2002-06-01,121.813,10945.885068435937,5.8,110.20873454976041,9164.8,287808.0,1758.0,1717.0,2.1188930688013614,61268.0,8686.0,2636.0,62102.0,12268.0,11408.0,1059356.0,2,6,2002,5
2002-07-01,122.888,10984.04,5.8,111.014,9157.5,288051.0,1738.0,1655.0,2.1,61268.0,8686.0,2636.0,62102.0,12268.0,11408.0,1059356.0,3,7,2002,0
2002-08-01,123.831,10974.17926431546,5.7,110.86411380891654,9175.3,288303.0,1695.0,1633.0,2.09379167690112,61268.0,8686.0,2636.0,62102.0,12268.0,11408.0,1059356.0,3,8,2002,3
2002-09-01,124.78,10996.160912956175,5.7,111.39946882122348,9197.1,288554.0,1803.0,1804.0,2.066864076838848,61268.0,8686.0,2636.0,62102.0,12268.0,11408.0,1059356.0,3,9,2002,6
2002-10-01,125.735,11061.433,5.7,112.9126,9229.6,288794.0,1799.0,1648.0,2.0,61268.0,8686.0,2636.0,62102.0,12268.0,11408.0,1059356.0,4,10,2002,1
2002-11-01,126.67,11011.852995548968,5.9,111.77296954193525,9258.8,289012.0,1771.0,1753.0,2.049320782685086,61268.0,8686.0,2636.0,62102.0,12268.0,11408.0,1059356.0,4,11,2002,4
2002-12-01,127.624,10993.772573634642,6.0,111.36131667735779,9288.3,289214.0,1896.0,1788.0,2.066781810508803,61268.0,8686.0,2636.0,62102.0,12268.0,11408.0,1059356.0,4,12,2002,6
2003-01-01,128.461,11174.129,5.8,114.0557,9290.1,289412.0,1808.0,1853.0,1.97,62142.0,8976.0,2697.0,62892.0,12673.0,11297.0,703542.0,1,1,2003,2
2003-02-01,129.356,11311.94147874207,5.9,115.95928196281571,9296.2,289606.0,1854.0,1629.0,1.878833221974275,62142.0,8976.0,2697.0,62892.0,12673.0,11297.0,703542.0,1,2,2003,5
2003-03-01,130.148,11337.722136960612,5.9,116.33080851419972,9333.8,289809.0,1757.0,1726.0,1.852591467890355,62142.0,8976.0,2697.0,62892.0,12673.0,11297.0,703542.0,1,3,2003,5
2003-04-01,130.885,11312.766,6.0,116.0826,9356.4,290024.0,1803.0,1643.0,1.83,62142.0,8976.0,2697.0,62892.0,12673.0,11297.0,703542.0,2,4,2003,1
2003-05-01,131.735,11402.942771344764,6.1,117.169313918575,9414.4,290250.0,1835.0,1751.0,1.8185878437175889,62142.0,8976.0,2697.0,62892.0,12673.0,11297.0,703542.0,2,5,2003,3
2003-06-01,132.649,11485.346505008178,6.3,118.13561896721055,9455.3,290484.0,1875.0,1867.0,1.786021781468542,62142.0,8976.0,2697.0,62892.0,12673.0,11297.0,703542.0,2,6,2003,6
2003-07-01,133.77700000000002,11566.669,6.2,118.8857,9491.6,290726.0,1885.0,1897.0,1.73,62142.0,8976.0,2697.0,62892.0,12673.0,11297.0,703542.0,3,7,2003,1
2003-08-01,134.968,11552.524230071047,6.1,119.12341413826793,9538.8,290974.0,1966.0,1833.0,1.772737276661785,62142.0,8976.0,2697.0,62892.0,12673.0,11297.0,703542.0,3,8,2003,4
2003-09-01,136.29399999999998,11622.433881577603,6.1,120.35786712261049,9582.5,291222.0,1961.0,1939.0,1.7752220108038999,62142.0,8976.0,2697.0,62892.0,12673.0,11297.0,703542.0,3,9,2003,0
2003-10-01,137.532,11772.234,6.0,122.7856,9620.4,291463.0,2012.0,1967.0,1.76,62142.0,8976.0,2697.0,62892.0,12673.0,11297.0,703542.0,4,10,2003,2
2003-11-01,138.795,11644.824301128065,5.8,120.76745544386729,9688.2,291677.0,1918.0,2083.0,1.7775588803006952,62142.0,8976.0,2697.0,62892.0,12673.0,11297.0,703542.0,4,11,2003,5
2003-12-01,140.18,11614.006353460376,5.7,120.29100324977725,9713.2,291868.0,1987.0,2057.0,1.7829870363667149,62142.0,8976.0,2697.0,62892.0,12673.0,11297.0,703542.0,4,12,2003,0
2004-01-01,141.64700000000002,11923.447,5.7,125.8305,9731.8,292046.0,1952.0,1911.0,1.65,62535.0,8980.0,2648.0,63345.0,12829.0,11146.0,957883.0,1,1,2004,3
2004-02-01,143.192,12045.364897042387,5.6,128.0134312370213,9765.4,292230.0,1966.0,1846.0,1.6140036067091947,62535.0,8980.0,2648.0,63345.0,12829.0,11146.0,957883.0,1,2,2004,6
2004-03-01,145.058,12112.62425448969,5.8,129.1670333948577,9815.8,292434.0,2066.0,1998.0,1.5958495225931253,62535.0,8980.0,2648.0,63345.0,12829.0,11146.0,957883.0,1,3,2004,0
2004-04-01,146.592,12112.815,5.6,129.0036,9865.8,292651.0,2070.0,2003.0,1.6,62535.0,8980.0,2648.0,63345.0,12829.0,11146.0,957883.0,2,4,2004,3
2004-05-01,148.186,12176.796080778535,5.6,130.3701173325012,9950.0,292872.0,2150.0,1981.0,1.5778373425567211,62535.0,8980.0,2648.0,63345.0,12829.0,11146.0,957883.0,2,5,2004,5
2004-06-01,149.851,12230.887844417759,5.6,131.45083842773553,9988.4,293103.0,2020.0,1828.0,1.5626756586638642,62535.0,8980.0,2648.0,63345.0,12829.0,11146.0,957883.0,2,6,2004,1
2004-07-01,151.338,12305.307,5.5,132.9186,10033.0,293350.0,2112.0,2002.0,1.56,62535.0,8980.0,2648.0,63345.0,12829.0,11146.0,957883.0,3,7,2004,3
2004-08-01,152.634,12305.07909352309,5.4,132.8880838868202,10078.2,293603.0,2056.0,2024.0,1.533469266272703,62535.0,8980.0,2648.0,63345.0,12829.0,11146.0,957883.0,3,8,2004,6
2004-09-01,154.18,12360.69323641994,5.4,133.94405946904413,10110.5,293857.0,2041.0,1905.0,1.4973795028719954,62535.0,8980.0,2648.0,63345.0,12829.0,11146.0,957883.0,3,9,2004,2
2004-10-01,155.752,12527.214,5.5,137.1175,10159.3,294104.0,2097.0,2072.0,1.41,62535.0,8980.0,2648.0,63345.0,12829.0,11146.0,957883.0,4,10,2004,4
2004-11-01,157.528,12374.033496939912,5.4,134.1978091611863,10171.5,294337.0,2079.0,1782.0,1.4869828562238503,62535.0,8980.0,2648.0,63345.0,12829.0,11146.0,957883.0,4,11,2004,0
2004-12-01,159.33100000000002,12347.179702770762,5.4,133.68614722053167,10520.8,294561.0,2082.0,2042.0,1.4994055130545685,62535.0,8980.0,2648.0,63345.0,12829.0,11146.0,957883.0,4,12,2004,2
2005-01-01,161.289,12767.286,5.3,141.8573,10247.0,294768.0,2139.0,2144.0,1.42,63241.0,9258.0,2725.0,63901.0,13003.0,11112.0,1122257.0,1,1,2005,5
2005-02-01,163.344,12878.517871412336,5.4,144.10342376672872,10282.7,294955.0,2114.0,2207.0,1.4839845358788468,63241.0,9258.0,2725.0,63901.0,13003.0,11112.0,1122257.0,1,2,2005,1
2005-03-01,165.813,12942.061757531588,5.2,145.43733622963452,10347.9,295149.0,2062.0,1864.0,1.5246894099377832,63241.0,9258.0,2725.0,63901.0,13003.0,11112.0,1122257.0,1,3,2005,1
2005-04-01,167.502,12922.656,5.2,145.5037,10412.1,295359.0,2150.0,2061.0,1.55,63241.0,9258.0,2725.0,63901.0,13003.0,11112.0,1122257.0,2,4,2005,4
2005-05-01,169.351,12990.98104078757,5.1,146.37034361997007,10464.1,295582.0,2085.0,2025.0,1.5491494822976624,63241.0,9258.0,2725.0,63901.0,13003.0,11112.0,1122257.0,2,5,2005,6
2005-06-01,171.19099999999997,13060.586131142927,5.0,147.44873600438646,10498.0,295824.0,2178.0,2068.0,1.5651230076779596,63241.0,9258.0,2725.0,63901.0,13003.0,11112.0,1122257.0,2,6,2005,2
2005-07-01,172.86,13142.642,5.0,148.738,10558.3,296077.0,2203.0,2054.0,1.59,63241.0,9258.0,2725.0,63901.0,13003.0,11112.0,1122257.0,3,7,2005,4
2005-08-01,174.442,13126.276712663011,4.9,148.54629045215526,10619.6,296338.0,2219.0,2095.0,1.5825908512621896,63241.0,9258.0,2725.0,63901.0,13003.0,11112.0,1122257.0,3,8,2005,0
2005-09-01,176.437,13181.26418701488,5.0,149.53480721456503,10687.7,296606.0,2263.0,2151.0,1.5976994155255235,63241.0,9258.0,2725.0,63901.0,13003.0,11112.0,1122257.0,3,9,2005,3
2005-10-01,178.02700000000002,13324.204,5.0,152.0541,10767.3,296857.0,2170.0,2065.0,1.64,63241.0,9258.0,2725.0,63901.0,13003.0,11112.0,1122257.0,4,10,2005,5
2005-11-01,179.68,13216.239490993717,5.0,150.15565585425398,10815.4,297089.0,2218.0,2147.0,1.607481361578014,63241.0,9258.0,2725.0,63901.0,13003.0,11112.0,1122257.0,4,11,2005,1
2005-12-01,180.91,13177.69832786981,4.9,149.47888937392528,10853.1,297311.0,2120.0,1994.0,1.5956562391663298,63241.0,9258.0,2725.0,63901.0,13003.0,11112.0,1122257.0,4,12,2005,3
2006-01-01,182.32,13599.16,4.7,154.0211,11038.6,297526.0,2212.0,2273.0,1.61,63683.0,9679.0,2624.0,64121.0,13127.0,11290.0,1266129.0,1,1,2006,6
2006-02-01,183.287,13702.354870869765,4.8,152.09713387910455,11102.6,297734.0,2141.0,2119.0,1.6491622669941994,63683.0,9679.0,2624.0,64121.0,13127.0,11290.0,1266129.0,1,2,2006,2
2006-03-01,184.365,13749.961579902683,4.7,151.05099978377464,11171.8,297950.0,2118.0,1969.0,1.6576852955696275,63683.0,9679.0,2624.0,64121.0,13127.0,11290.0,1266129.0,1,3,2006,2
2006-04-01,184.328,13753.424,4.7,150.3991,11229.5,298170.0,1998.0,1821.0,1.62,63683.0,9679.0,2624.0,64121.0,13127.0,11290.0,1266129.0,2,4,2006,5
2006-05-01,184.155,13789.03588500639,4.6,150.33693959804538,11251.1,298401.0,1905.0,1942.0,1.6781286217242073,63683.0,9679.0,2624.0,64121.0,13127.0,11290.0,1266129.0,2,5,2006,0
2006-06-01,183.507,13829.003913701466,4.6,149.7163022252066,11292.8,298653.0,1867.0,1802.0,1.7145221800017862,63683.0,9679.0,2624.0,64121.0,13127.0,11290.0,1266129.0,2,6,2006,3
2006-07-01,183.066,13870.188,4.7,148.3941,11322.1,298910.0,1763.0,1737.0,1.74,63683.0,9679.0,2624.0,64121.0,13127.0,11290.0,1266129.0,3,7,2006,5
2006-08-01,182.593,13875.642444887662,4.7,149.4496993215752,11346.8,299178.0,1722.0,1650.0,1.7590651504959134,63683.0,9679.0,2624.0,64121.0,13127.0,11290.0,1266129.0,3,8,2006,1
2006-09-01,182.798,13914.66587271274,4.5,149.71352866663733,11383.9,299452.0,1655.0,1720.0,1.8006732290985767,63683.0,9679.0,2624.0,64121.0,13127.0,11290.0,1266129.0,3,9,2006,4
2006-10-01,183.197,14039.56,4.4,149.6481,11417.8,299710.0,1570.0,1491.0,1.92,63683.0,9679.0,2624.0,64121.0,13127.0,11290.0,1266129.0,4,10,2006,6
2006-11-01,183.608,13955.44263153399,4.5,149.8076155861035,11479.3,299950.0,1535.0,1570.0,1.8415641856215583,63683.0,9679.0,2624.0,64121.0,13127.0,11290.0,1266129.0,4,11,2006,2
2006-12-01,184.138,13918.740652845261,4.4,149.91706465878312,11587.6,300178.0,1638.0,1649.0,1.8080791119298651,63683.0,9679.0,2624.0,64121.0,13127.0,11290.0,1266129.0,4,12,2006,4
2007-01-01,184.516,14215.651,4.6,146.69899999999998,11647.1,300398.0,1626.0,1409.0,2.08,64656.0,9633.0,2695.0,65202.0,13218.0,11211.0,1052415.0,1,1,2007,0
2007-02-01,184.598,14336.875426611998,4.5,142.4967821778475,11734.2,300608.0,1598.0,1480.0,2.2713398647154888,64656.0,9633.0,2695.0,65202.0,13218.0,11211.0,1052415.0,1,2,2007,3
2007-03-01,184.15,14392.994454415126,4.4,140.45662100243294,11821.4,300823.0,1596.0,1495.0,2.343968723046948,64656.0,9633.0,2695.0,65202.0,13218.0,11211.0,1052415.0,1,3,2007,3
2007-04-01,183.01,14402.082,4.5,139.716,11868.1,301045.0,1470.0,1490.0,2.29,64656.0,9633.0,2695.0,65202.0,13218.0,11211.0,1052415.0,2,4,2007,6
2007-05-01,181.6,14445.23501924783,4.4,138.7554121737159,11908.7,301278.0,1493.0,1415.0,2.440001802173935,64656.0,9633.0,2695.0,65202.0,13218.0,11211.0,1052415.0,2,5,2007,1
2007-06-01,180.253,14497.575564453757,4.6,137.29480963128782,11929.2,301528.0,1407.0,1448.0,2.5689061950814502,64656.0,9633.0,2695.0,65202.0,13218.0,11211.0,1052415.0,2,6,2007,4
2007-07-01,179.11,14564.117,4.7,135.4663,11955.7,301790.0,1361.0,1354.0,2.71,64656.0,9633.0,2695.0,65202.0,13218.0,11211.0,1052415.0,3,7,2007,6
2007-08-01,178.116,14552.103143746413,4.6,135.62260377890564,11963.1,302064.0,1321.0,1330.0,2.7013506633877964,64656.0,9633.0,2695.0,65202.0,13218.0,11211.0,1052415.0,3,8,2007,2
2007-09-01,177.55700000000002,14602.34432013835,4.7,133.91975064823924,12025.5,302334.0,1261.0,1183.0,2.829075681053203,64656.0,9633.0,2695.0,65202.0,13218.0,11211.0,1052415.0,3,9,2007,5
2007-10-01,176.623,14715.058,4.7,130.22899999999998,12046.8,302590.0,1192.0,1264.0,3.1,64656.0,9633.0,2695.0,65202.0,13218.0,11211.0,1052415.0,4,10,2007,0
2007-11-01,175.146,14625.861681799743,4.7,133.13356362055023,12102.8,302834.0,1224.0,1197.0,2.8882364574014847,64656.0,9633.0,2695.0,65202.0,13218.0,11211.0,1052415.0,4,11,2007,3
2007-12-01,174.34099999999998,14586.453036473493,5.0,134.41115409106357,12182.7,303062.0,1149.0,1037.0,2.79595351918767,64656.0,9633.0,2695.0,65202.0,13218.0,11211.0,1052415.0,4,12,2007,5
2008-01-01,173.13099999999997,14706.538,5.0,123.7026,12227.8,303280.0,1094.0,1084.0,3.68,64217.0,9782.0,2916.0,64638.0,13564.0,11398.0,1107126.0,1,1,2008,1
2008-02-01,171.53900000000002,14765.993278863873,4.9,118.71395589837148,12264.9,303494.0,1014.0,1103.0,4.22988375908031,64217.0,9782.0,2916.0,64638.0,13564.0,11398.0,1107126.0,1,2,2008,4
2008-03-01,170.05200000000002,14810.076895103408,5.1,116.23000127285968,12314.7,303707.0,967.0,1005.0,4.451923209283731,64217.0,9782.0,2916.0,64638.0,13564.0,11398.0,1107126.0,1,3,2008,5
2008-04-01,168.33700000000002,14865.701,5.0,115.5133,12302.6,303926.0,1008.0,1013.0,4.36,64217.0,9782.0,2916.0,64638.0,13564.0,11398.0,1107126.0,2,4,2008,1
2008-05-01,166.658,14808.246174597949,5.4,113.54033659167264,12879.3,304157.0,995.0,973.0,4.875258398286628,64217.0,9782.0,2916.0,64638.0,13564.0,11398.0,1107126.0,2,5,2008,3
2008-06-01,165.016,14818.236912868211,5.6,112.61682463027985,12661.0,304396.0,1180.0,1046.0,4.986129242358371,64217.0,9782.0,2916.0,64638.0,13564.0,11398.0,1107126.0,2,6,2008,6
2008-07-01,163.564,14898.999,5.8,109.1051,12514.8,304646.0,921.0,923.0,5.28,64217.0,9782.0,2916.0,64638.0,13564.0,11398.0,1107126.0,3,7,2008,1
2008-08-01,161.986,14797.282526071911,6.1,110.54913293013507,12426.0,304903.0,858.0,844.0,5.371041916193215,64217.0,9782.0,2916.0,64638.0,13564.0,11398.0,1107126.0,3,8,2008,4
2008-09-01,160.30700000000002,14720.243289503765,6.1,109.4426106562436,12445.0,305158.0,797.0,820.0,5.779585279254188,64217.0,9782.0,2916.0,64638.0,13564.0,11398.0,1107126.0,3,9,2008,0
2008-10-01,158.326,14608.209,6.5,106.4901,12446.5,305403.0,736.0,777.0,6.58,64217.0,9782.0,2916.0,64638.0,13564.0,11398.0,1107126.0,4,10,2008,2
2008-11-01,156.141,14691.920278950063,6.8,109.1547334604788,12387.1,305620.0,626.0,652.0,5.911715243490593,64217.0,9782.0,2916.0,64638.0,13564.0,11398.0,1107126.0,4,11,2008,5
2008-12-01,153.618,14720.089044797249,7.3,110.24742849244784,12238.5,305827.0,554.0,560.0,5.65687040646183,64217.0,9782.0,2916.0,64638.0,13564.0,11398.0,1107126.0,4,12,2008,0
2009-01-01,151.506,14430.902,7.8,103.9323,12125.6,306035.0,545.0,490.0,8.01,64842.0,9958.0,2813.0,65604.0,13308.0,11441.0,1130818.0,1,1,2009,3
2009-02-01,150.014,14433.347349175472,8.3,103.36303138935965,12007.4,306237.0,558.0,582.0,8.520154529992345,64842.0,9958.0,2813.0,65604.0,13308.0,11441.0,1130818.0,1,2,2009,6
2009-03-01,148.659,14421.953349707193,8.7,103.09707683609258,11965.3,306438.0,513.0,505.0,8.667502208516373,64842.0,9958.0,2813.0,65604.0,13308.0,11441.0,1130818.0,1,3,2009,6
2009-04-01,147.947,14381.236,9.0,102.864,12009.4,306645.0,521.0,478.0,8.57,64842.0,9958.0,2813.0,65604.0,13308.0,11441.0,1130818.0,2,4,2009,2
2009-05-01,147.69299999999998,14436.714262096166,9.4,102.93316812268947,12179.6,306863.0,556.0,540.0,8.92321650835768,64842.0,9958.0,2813.0,65604.0,13308.0,11441.0,1130818.0,2,5,2009,4
2009-06-01,148.088,14454.136342896523,9.5,102.79064112407094,12042.9,307090.0,601.0,585.0,9.192092536603678,64842.0,9958.0,2813.0,65604.0,13308.0,11441.0,1130818.0,2,6,2009,0
2009-07-01,148.408,14448.882,9.5,102.4796,11998.4,307322.0,595.0,594.0,9.48,64842.0,9958.0,2813.0,65604.0,13308.0,11441.0,1130818.0,3,7,2009,2
2009-08-01,148.27700000000002,14489.737212588449,9.6,102.75613075440575,12011.2,307570.0,616.0,586.0,9.465232021833797,64842.0,9958.0,2813.0,65604.0,13308.0,11441.0,1130818.0,3,8,2009,5
2009-09-01,148.024,14549.33250103796,9.8,102.8473928949831,12061.1,307826.0,609.0,585.0,9.762322129494198,64842.0,9958.0,2813.0,65604.0,13308.0,11441.0,1130818.0,3,9,2009,1
2009-10-01,147.85,14651.249,10.0,102.874,12069.4,308071.0,583.0,534.0,10.4,64842.0,9958.0,2813.0,65604.0,13308.0,11441.0,1130818.0,4,10,2009,3
2009-11-01,148.136,14577.076795375537,9.9,102.88331431210493,12129.6,308289.0,623.0,588.0,9.907655161448654,64842.0,9958.0,2813.0,65604.0,13308.0,11441.0,1130818.0,4,11,2009,6
2009-12-01,147.93,14550.313712073856,9.9,102.8971283385722,12188.2,308495.0,664.0,581.0,9.71982594696137,64842.0,9958.0,2813.0,65604.0,13308.0,11441.0,1130818.0,4,12,2009,1
2010-01-01,147.39600000000002,14764.61,9.8,101.5136,12267.7,308706.0,636.0,614.0,11.48,64525.0,9981.0,2974.0,65197.0,13760.0,11368.0,1042625.0,1,1,2010,4
2010-02-01,145.631,14895.869245163556,9.8,101.00126137343058,12267.6,308904.0,650.0,604.0,11.214795197098136,64525.0,9981.0,2974.0,65197.0,13760.0,11368.0,1042625.0,1,2,2010,0
2010-03-01,145.858,14963.03460275935,9.9,100.8664305990446,12330.9,309095.0,687.0,636.0,11.085327663158274,64525.0,9981.0,2974.0,65197.0,13760.0,11368.0,1042625.0,1,3,2010,0
2010-04-01,146.401,14980.193,9.9,101.3833,12441.8,309289.0,637.0,687.0,11.08,64525.0,9981.0,2974.0,65197.0,13760.0,11368.0,1042625.0,2,4,2010,3
2010-05-01,146.392,15028.24664329345,9.6,100.4218633697041,12543.7,309485.0,575.0,583.0,10.942942058475257,64525.0,9981.0,2974.0,65197.0,13760.0,11368.0,1042625.0,2,5,2010,5
2010-06-01,145.719,15078.562123885948,9.4,99.83292028473957,12550.7,309691.0,587.0,536.0,10.819164514719946,64525.0,9981.0,2974.0,65197.0,13760.0,11368.0,1042625.0,2,6,2010,1
2010-07-01,144.987,15141.607,9.4,99.1217,12588.7,309913.0,579.0,546.0,10.66,64525.0,9981.0,2974.0,65197.0,13760.0,11368.0,1042625.0,3,7,2010,3
2010-08-01,143.912,15131.402834903867,9.5,99.34594955878782,12652.9,310146.0,580.0,599.0,10.70126581862721,64525.0,9981.0,2974.0,65197.0,13760.0,11368.0,1042625.0,3,8,2010,6
2010-09-01,143.015,15186.022386753892,9.5,98.94945343515941,12673.4,310385.0,563.0,594.0,10.59035715212467,64525.0,9981.0,2974.0,65197.0,13760.0,11368.0,1042625.0,3,9,2010,2
2010-10-01,142.526,15309.474,9.4,97.997,12723.6,310612.0,558.0,543.0,10.33,64525.0,9981.0,2974.0,65197.0,13760.0,11368.0,1042625.0,4,10,2010,4
2010-11-01,142.167,15216.364956042236,9.8,98.72075938373064,12765.5,310820.0,560.0,545.0,10.527776779116047,64525.0,9981.0,2974.0,65197.0,13760.0,11368.0,1042625.0,4,11,2010,0
2010-12-01,142.054,15173.922923038499,9.3,99.05164799844972,12873.1,311020.0,632.0,539.0,10.618401097250935,64525.0,9981.0,2974.0,65197.0,13760.0,11368.0,1042625.0,4,12,2010,2
2011-01-01,141.516,15351.448,9.1,95.091,13080.7,311204.0,576.0,630.0,10.36,64381.0,10670.0,2929.0,65000.0,13762.0,11306.0,1062040.0,1,1,2011,5
2011-02-01,140.343,15479.371033301572,9.0,94.5550562592097,13155.6,311373.0,542.0,517.0,10.425823252624863,64381.0,10670.0,2929.0,65000.0,13762.0,11306.0,1062040.0,1,2,2011,1
2011-03-01,139.975,15528.885489672472,9.0,94.29506427818251,13178.2,311551.0,583.0,600.0,10.469212207030237,64381.0,10670.0,2929.0,65000.0,13762.0,11306.0,1062040.0,1,3,2011,1
2011-04-01,140.007,15557.539,9.1,93.9779,13212.8,311740.0,581.0,554.0,10.55,64381.0,10670.0,2929.0,65000.0,13762.0,11306.0,1062040.0,2,4,2011,4
2011-05-01,139.903,15575.79989535235,9.0,94.13296955930218,13239.1,311935.0,618.0,561.0,10.483350953722416,64381.0,10670.0,2929.0,65000.0,13762.0,11306.0,1062040.0,2,5,2011,6
2011-06-01,139.86,15612.147056799173,9.1,94.10330796664972,13295.7,312147.0,636.0,608.0,10.465606438579961,64381.0,10670.0,2929.0,65000.0,13762.0,11306.0,1062040.0,2,6,2011,2
2011-07-01,139.72799999999998,15647.68,9.0,93.9588,13375.8,312372.0,621.0,623.0,10.5,64381.0,10670.0,2929.0,65000.0,13762.0,11306.0,1062040.0,3,7,2011,4
2011-08-01,139.308,15662.20128514889,9.0,94.06658731006134,13400.3,312605.0,647.0,585.0,10.42819998351349,64381.0,10670.0,2929.0,65000.0,13762.0,11306.0,1062040.0,3,8,2011,0
2011-09-01,138.667,15721.620106812727,9.0,94.06504360780235,13401.5,312842.0,610.0,650.0,10.358457044419698,64381.0,10670.0,2929.0,65000.0,13762.0,11306.0,1062040.0,3,9,2011,3
2011-10-01,137.951,15842.259,8.8,93.9934,13406.4,313060.0,671.0,610.0,10.25,64381.0,10670.0,2929.0,65000.0,13762.0,11306.0,1062040.0,4,10,2011,5
2011-11-01,137.15,15746.532736900595,8.6,94.06518503915565,13419.7,313260.0,706.0,711.0,10.32906846876986,64381.0,10670.0,2929.0,65000.0,13762.0,11306.0,1062040.0,4,11,2011,1
2011-12-01,136.672,15712.298250464788,8.5,94.09614587190416,13548.9,313454.0,697.0,694.0,10.354925669215874,64381.0,10670.0,2929.0,65000.0,13762.0,11306.0,1062040.0,4,12,2011,3
2012-01-01,136.606,16068.805,8.3,94.0927,13631.6,313636.0,712.0,723.0,10.33,65281.0,10696.0,2864.0,66049.0,14215.0,11193.0,1031631.0,1,1,2012,6
2012-02-01,136.531,16158.283005225694,8.3,95.27597404736228,13731.1,313811.0,738.0,704.0,10.360612684359202,65281.0,10696.0,2864.0,66049.0,14215.0,11193.0,1031631.0,1,2,2012,2
2012-03-01,137.90200000000002,16200.208040010071,8.2,95.79340904635328,13798.5,313993.0,806.0,695.0,10.389821052832996,65281.0,10696.0,2864.0,66049.0,14215.0,11193.0,1031631.0,1,3,2012,3
2012-04-01,139.151,16207.115,8.2,95.7299,13868.1,314176.0,732.0,753.0,10.45,65281.0,10696.0,2864.0,66049.0,14215.0,11193.0,1031631.0,2,4,2012,6
2012-05-01,140.15200000000002,16235.085409392746,8.2,96.27233361765599,13850.3,314368.0,796.0,708.0,10.40013229665319,65281.0,10696.0,2864.0,66049.0,14215.0,11193.0,1031631.0,2,5,2012,1
2012-06-01,141.028,16269.92089486938,8.2,96.80564626787061,13837.1,314576.0,794.0,757.0,10.397826244807828,65281.0,10696.0,2864.0,66049.0,14215.0,11193.0,1031631.0,2,6,2012,4
2012-07-01,141.66899999999998,16319.541,8.2,97.4306,13752.9,314796.0,849.0,740.0,10.48,65281.0,10696.0,2864.0,66049.0,14215.0,11193.0,1031631.0,3,7,2012,6
2012-08-01,142.278,16303.386763294511,8.1,97.36066901227834,13768.5,315031.0,840.0,754.0,10.357843730964538,65281.0,10696.0,2864.0,66049.0,14215.0,11193.0,1031631.0,3,8,2012,2
2012-09-01,142.906,16336.455013423569,7.8,98.02885506858185,13914.1,315264.0,930.0,847.0,10.225950821330887,65281.0,10696.0,2864.0,66049.0,14215.0,11193.0,1031631.0,3,9,2012,5
2012-10-01,143.597,16420.419,7.8,99.5454,14049.2,315485.0,887.0,915.0,10.02,65281.0,10696.0,2864.0,66049.0,14215.0,11193.0,1031631.0,4,10,2012,0
2012-11-01,144.58,16348.658478216772,7.7,98.27708131203433,14230.7,315692.0,917.0,833.0,10.176569657831337,65281.0,10696.0,2864.0,66049.0,14215.0,11193.0,1031631.0,4,11,2012,3
2012-12-01,145.497,16316.16736741036,7.9,97.71738529681515,14581.4,315877.0,941.0,976.0,10.237423732134616,65281.0,10696.0,2864.0,66049.0,14215.0,11193.0,1031631.0,4,12,2012,5
2013-01-01,146.82299999999998,16648.189,8.0,101.4535,13880.4,316038.0,940.0,888.0,9.73,65369.0,10954.0,3124.0,66287.0,14434.0,11225.0,990553.0,1,1,2013,1
2013-02-01,147.781,16733.209337416025,7.7,102.83248671697787,13902.0,316191.0,980.0,962.0,9.42615670021351,65369.0,10954.0,3124.0,66287.0,14434.0,11225.0,990553.0,1,2,2013,4
2013-03-01,149.96,16768.864363818004,7.5,103.47742036221544,13932.2,316357.0,936.0,1010.0,9.287064454925625,65369.0,10954.0,3124.0,66287.0,14434.0,11225.0,990553.0,1,3,2013,4
2013-04-01,151.517,16728.687,7.6,103.5181,13974.9,316535.0,1012.0,835.0,9.32,65369.0,10954.0,3124.0,66287.0,14434.0,11225.0,990553.0,2,4,2013,0
2013-05-01,152.849,16819.979158446164,7.5,104.20983851368253,14052.5,316729.0,1003.0,930.0,9.112682737932621,65369.0,10954.0,3124.0,66287.0,14434.0,11225.0,990553.0,2,5,2013,2
2013-06-01,154.19899999999998,16884.074145529357,7.5,104.87690490590026,14083.9,316934.0,942.0,839.0,8.92658113589092,65369.0,10954.0,3124.0,66287.0,14434.0,11225.0,990553.0,2,6,2013,5
2013-07-01,155.60399999999998,16953.838,7.3,105.7115,14072.0,317156.0,997.0,880.0,8.66,65369.0,10954.0,3124.0,66287.0,14434.0,11225.0,990553.0,3,7,2013,0
2013-08-01,156.961,16956.799700619682,7.2,105.62963050842023,14117.3,317397.0,964.0,917.0,8.756522009219328,65369.0,10954.0,3124.0,66287.0,14434.0,11225.0,990553.0,3,8,2013,3
2013-09-01,158.22299999999998,17029.998252029698,7.2,106.3616257085717,14181.7,317635.0,1004.0,850.0,8.631600516897134,65369.0,10954.0,3124.0,66287.0,14434.0,11225.0,990553.0,3,9,2013,6
2013-10-01,159.239,17192.019,7.2,108.0537,14152.3,317864.0,1044.0,925.0,8.3,65369.0,10954.0,3124.0,66287.0,14434.0,11225.0,990553.0,4,10,2013,1
2013-11-01,160.07299999999998,17051.372701554636,6.9,106.56742780780138,14209.6,318076.0,1029.0,1100.0,8.59916935802363,65369.0,10954.0,3124.0,66287.0,14434.0,11225.0,990553.0,4,11,2013,4
2013-12-01,160.99200000000002,17022.10739343241,6.7,106.25364665674051,14266.5,318276.0,1005.0,1002.0,8.664122794612407,65369.0,10954.0,3124.0,66287.0,14434.0,11225.0,990553.0,4,12,2013,6
2014-01-01,161.923,17197.738,6.6,108.6402,14369.2,318464.0,976.0,888.0,7.77,65853.0,10729.0,3059.0,66732.0,14614.0,11214.0,1016518.0,1,1,2014,2
2014-02-01,162.52100000000002,17397.734365123906,6.7,108.7614978312223,14456.4,318642.0,1039.0,944.0,7.517958497823236,65853.0,10729.0,3059.0,66732.0,14614.0,11214.0,1016518.0,1,2,2014,5
2014-03-01,163.08100000000002,17496.07067446589,6.7,108.64763747958155,14555.0,318827.0,1067.0,970.0,7.40905919377465,65853.0,10729.0,3059.0,66732.0,14614.0,11214.0,1016518.0,1,3,2014,5
2014-04-01,163.388,17518.508,6.2,108.0436,14624.5,319020.0,1090.0,1043.0,7.43,65853.0,10729.0,3059.0,66732.0,14614.0,11214.0,1016518.0,2,4,2014,1
2014-05-01,163.655,17582.102227468156,6.3,108.82593711372401,14689.5,319225.0,1018.0,1007.0,7.29662357431516,65853.0,10729.0,3059.0,66732.0,14614.0,11214.0,1016518.0,2,5,2014,3
2014-06-01,164.065,17657.162477670885,6.1,109.2220477049825,14760.1,319438.0,1010.0,911.0,7.184670645232987,65853.0,10729.0,3059.0,66732.0,14614.0,11214.0,1016518.0,2,6,2014,6
2014-07-01,164.584,17804.228,6.2,109.3539,14821.1,319670.0,1076.0,1085.0,7.06,65853.0,10729.0,3059.0,66732.0,14614.0,11214.0,1016518.0,3,7,2014,1
2014-08-01,165.21099999999998,17737.42693141488,6.1,109.79104642693993,14894.2,319919.0,1047.0,984.0,7.026096564556323,65853.0,10729.0,3059.0,66732.0,14614.0,11214.0,1016518.0,3,8,2014,4
2014-09-01,165.90099999999998,17783.65804126742,5.9,110.53871395502996,14951.2,320166.0,1077.0,1023.0,6.852855099141355,65853.0,10729.0,3059.0,66732.0,14614.0,11214.0,1016518.0,3,9,2014,0
2014-10-01,166.637,17912.079,5.7,111.9163,15022.7,320403.0,1094.0,1074.0,6.5,65853.0,10729.0,3059.0,66732.0,14614.0,11214.0,1016518.0,4,10,2014,2
2014-11-01,167.331,17806.387089632553,5.8,110.89723656295425,15094.0,320616.0,1059.0,1001.0,6.769785853221069,65853.0,10729.0,3059.0,66732.0,14614.0,11214.0,1016518.0,4,11,2014,5
2014-12-01,168.045,17767.305061559553,5.6,110.55391206299508,15170.9,320815.0,1072.0,1073.0,6.863622808084164,65853.0,10729.0,3059.0,66732.0,14614.0,11214.0,1016518.0,4,12,2014,0
2015-01-01,168.625,18063.529,5.7,113.9643,15230.8,320997.0,1049.0,1085.0,6.24,66347.0,10952.0,3270.0,67217.0,14874.0,11331.0,1051031.0,1,1,2015,3
2015-02-01,169.122,18200.402291698767,5.5,114.39120177175661,15313.3,321164.0,1127.0,886.0,5.916139540212324,66347.0,10952.0,3270.0,67217.0,14874.0,11331.0,1051031.0,1,2,2015,6
2015-03-01,169.793,18235.045884388677,5.4,114.42108417539187,15314.2,321344.0,1072.0,960.0,5.843737010813855,66347.0,10952.0,3270.0,67217.0,14874.0,11331.0,1051031.0,1,3,2015,6
2015-04-01,170.293,18279.784,5.4,113.9126,15373.5,321538.0,1166.0,1190.0,5.82,66347.0,10952.0,3270.0,67217.0,14874.0,11331.0,1051031.0,2,4,2015,2
2015-05-01,170.875,18294.65476049025,5.6,114.63694473643187,15442.7,321740.0,1272.0,1079.0,5.696977535717766,66347.0,10952.0,3270.0,67217.0,14874.0,11331.0,1051031.0,2,5,2015,4
2015-06-01,171.475,18323.92998033225,5.3,114.9760820864877,15479.0,321954.0,1379.0,1205.0,5.594007480327378,66347.0,10952.0,3270.0,67217.0,14874.0,11331.0,1051031.0,2,6,2015,0
2015-07-01,172.145,18401.626,5.2,115.2132,15518.6,322186.0,1140.0,1146.0,5.39,66347.0,10952.0,3270.0,67217.0,14874.0,11331.0,1051031.0,3,7,2015,2
2015-08-01,172.93,18364.49392386489,5.1,115.50730621677405,15550.5,322427.0,1165.0,1130.0,5.449423777046848,66347.0,10952.0,3270.0,67217.0,14874.0,11331.0,1051031.0,3,8,2015,5
2015-09-01,173.82299999999998,18374.840606680504,5.0,116.06010504567531,15570.5,322670.0,1144.0,1224.0,5.37493601647685,66347.0,10952.0,3270.0,67217.0,14874.0,11331.0,1051031.0,3,9,2015,1
2015-10-01,174.787,18435.137,5.0,117.4416,15608.0,322901.0,1160.0,1058.0,5.11,66347.0,10952.0,3270.0,67217.0,14874.0,11331.0,1051031.0,4,10,2015,3
2015-11-01,175.733,18384.93551151973,5.1,116.42186890279154,15615.4,323113.0,1244.0,1172.0,5.318405699460026,66347.0,10952.0,3270.0,67217.0,14874.0,11331.0,1051031.0,4,11,2015,6
2015-12-01,176.537,18369.648105932138,5.0,116.14969289611432,15668.4,323318.0,1211.0,1146.0,5.378243160097429,66347.0,10952.0,3270.0,67217.0,14874.0,11331.0,1051031.0,4,12,2015,1
2016-01-01,177.262,18525.933,4.8,118.7811,15695.5,323509.0,1171.0,1092.0,4.78,66695.0,10708.0,3469.0,67450.0,14831.0,11387.0,1183505.0,1,1,2016,4
2016-02-01,177.64,18660.717451251552,4.9,119.08533573082474,15695.9,323687.0,1172.0,1225.0,4.635073586577392,66695.0,10708.0,3469.0,67450.0,14831.0,11387.0,1183505.0,1,2,2016,0
2016-03-01,178.15599999999998,18706.45821591322,5.0,119.0906332647623,15731.6,323871.0,1118.0,1111.0,4.587930393770801,66695.0,10708.0,3469.0,67450.0,14831.0,11387.0,1183505.0,1,3,2016,1
2016-04-01,178.757,18711.702,5.1,118.7286,15758.9,324061.0,1160.0,1163.0,4.59,66695.0,10708.0,3469.0,67450.0,14831.0,11387.0,1183505.0,2,4,2016,4
2016-05-01,179.419,18763.128984930987,4.8,119.29366869326905,15777.2,324260.0,1205.0,1148.0,4.5255572771738,66695.0,10708.0,3469.0,67450.0,14831.0,11387.0,1183505.0,2,5,2016,6
2016-06-01,180.08599999999998,18825.058584647417,4.9,119.69016260510304,15821.4,324476.0,1208.0,1203.0,4.45400275279038,66695.0,10708.0,3469.0,67450.0,14831.0,11387.0,1183505.0,2,6,2016,2
2016-07-01,180.846,18892.639,4.8,119.965,15891.5,324697.0,1198.0,1239.0,4.38,66695.0,10708.0,3469.0,67450.0,14831.0,11387.0,1183505.0,3,7,2016,4
2016-08-01,181.836,18885.67908670514,4.9,120.09880301332188,15931.3,324924.0,1201.0,1171.0,4.3828851938746425,66695.0,10708.0,3469.0,67450.0,14831.0,11387.0,1183505.0,3,8,2016,0
2016-09-01,182.81,18925.50707265668,5.0,120.43437996739328,15999.1,325155.0,1303.0,1068.0,4.3340476185722565,66695.0,10708.0,3469.0,67450.0,14831.0,11387.0,1183505.0,3,9,2016,3
2016-10-01,183.739,19089.379,4.9,121.5719,16059.4,325368.0,1254.0,1313.0,4.14,66695.0,10708.0,3469.0,67450.0,14831.0,11387.0,1183505.0,4,10,2016,5
2016-11-01,184.748,18967.365881682672,4.7,120.74530293772409,16107.6,325562.0,1230.0,1140.0,4.283923554748708,66695.0,10708.0,3469.0,67450.0,14831.0,11387.0,1183505.0,4,11,2016,1
2016-12-01,185.711,18944.34064883159,4.7,120.59642583492193,16182.5,325742.0,1248.0,1252.0,4.310892162717048,66695.0,10708.0,3469.0,67450.0,14831.0,11387.0,1183505.0,4,12,2016,3
2017-01-01,186.793,19280.084,4.7,122.2383,16293.3,325901.0,1303.0,1190.0,3.91,67667.0,10891.0,3277.0,68082.0,14591.0,11642.0,1127167.0,1,1,2017,6
2017-02-01,187.311,19421.67600159251,4.6,123.08414202146298,16363.5,326050.0,1234.0,1271.0,3.791140534777749,67667.0,10891.0,3277.0,68082.0,14591.0,11642.0,1127167.0,1,2,2017,2
2017-03-01,187.989,19464.25516017961,4.4,123.36647593716098,16415.1,326207.0,1272.0,1190.0,3.733804632366405,67667.0,10891.0,3277.0,68082.0,14591.0,11642.0,1127167.0,1,3,2017,2
2017-04-01,188.719,19438.643,4.4,123.3065,16476.0,326371.0,1251.0,1146.0,3.68,67667.0,10891.0,3277.0,68082.0,14591.0,11642.0,1127167.0,2,4,2017,5
2017-05-01,189.607,19538.83339102971,4.4,123.79327728505203,16573.2,326548.0,1208.0,1157.0,3.6925469950927843,67667.0,10891.0,3277.0,68082.0,14591.0,11642.0,1127167.0,2,5,2017,0
2017-06-01,190.514,19619.380344130655,4.3,124.22936717162807,16604.0,326743.0,1353.0,1249.0,3.674778741439353,67667.0,10891.0,3277.0,68082.0,14591.0,11642.0,1127167.0,2,6,2017,3
2017-07-01,191.46,19692.595,4.3,124.7077,16665.9,326939.0,1256.0,1206.0,3.64,67667.0,10891.0,3277.0,68082.0,14591.0,11642.0,1127167.0,3,7,2017,5
2017-08-01,192.647,19709.25760377243,4.4,124.68279316163736,16733.7,327140.0,1319.0,1159.0,3.651340570885699,67667.0,10891.0,3277.0,68082.0,14591.0,11642.0,1127167.0,3,8,2017,1
2017-09-01,193.742,19809.91517062936,4.3,125.13752117044905,16841.9,327342.0,1273.0,1181.0,3.629622891534695,67667.0,10891.0,3277.0,68082.0,14591.0,11642.0,1127167.0,3,9,2017,4
2017-10-01,194.788,20037.088,4.2,126.2222,16930.8,327528.0,1356.0,1257.0,3.57,67667.0,10891.0,3277.0,68082.0,14591.0,11642.0,1127167.0,4,10,2017,6
2017-11-01,195.941,19876.210186410975,4.2,125.44414434246254,16997.5,327699.0,1299.0,1273.0,3.6142982509394406,67667.0,10891.0,3277.0,68082.0,14591.0,11642.0,1127167.0,4,11,2017,2
2017-12-01,197.161,19816.445304659672,4.1,125.15205616834928,17058.2,327848.0,1311.0,1177.0,3.6314362786355514,67667.0,10891.0,3277.0,68082.0,14591.0,11642.0,1127167.0,4,12,2017,4
2018-01-01,198.302,20328.553,4.0,127.0584,17141.7,327969.0,1317.0,1299.0,3.48,67976.0,11060.0,3405.0,68530.0,14833.0,11691.0,1096611.0,1,1,2018,0
2018-02-01,199.229,20469.54881431769,4.1,127.31054346784087,17204.1,328085.0,1321.0,1277.0,3.331798961652972,67976.0,11060.0,3405.0,68530.0,14833.0,11691.0,1096611.0,1,2,2018,3
2018-03-01,199.967,20554.719301311517,4.0,127.39793560710791,17268.2,328219.0,1385.0,1318.0,3.2434556700357327,67976.0,11060.0,3405.0,68530.0,14833.0,11691.0,1096611.0,1,3,2018,3
2018-04-01,200.661,20580.912,4.0,127.2066,17328.7,328364.0,1378.0,1276.0,3.22,67976.0,11060.0,3405.0,68530.0,14833.0,11691.0,1096611.0,2,4,2018,6
2018-05-01,201.424,20627.299495872052,3.8,127.59460511512353,17404.4,328521.0,1338.0,1357.0,3.1664051460565887,67976.0,11060.0,3405.0,68530.0,14833.0,11691.0,1096611.0,2,5,2018,1
2018-06-01,202.236,20701.55163763505,4.0,127.86827510845795,17488.4,328692.0,1345.0,1192.0,3.0873367040951716,67976.0,11060.0,3405.0,68530.0,14833.0,11691.0,1096611.0,2,6,2018,4
2018-07-01,202.907,20798.73,3.8,128.0468,17587.6,328863.0,1334.0,1208.0,2.99,67976.0,11060.0,3405.0,68530.0,14833.0,11691.0,1096611.0,3,7,2018,6
2018-08-01,203.659,20762.57667779783,3.8,128.1968206910695,17664.0,329040.0,1273.0,1288.0,3.017558115330747,67976.0,11060.0,3405.0,68530.0,14833.0,11691.0,1096611.0,3,8,2018,2
2018-09-01,204.314,20807.02971831211,3.7,128.54719608453516,17693.5,329216.0,1314.0,1250.0,2.961863891760301,67976.0,11060.0,3405.0,68530.0,14833.0,11691.0,1096611.0,3,9,2018,5
2018-10-01,205.077,20917.867,3.8,129.2451,17749.8,329379.0,1272.0,1221.0,2.83,67976.0,11060.0,3405.0,68530.0,14833.0,11691.0,1096611.0,4,10,2018,0
2018-11-01,205.65,20826.070268581887,3.8,128.70468615756616,17795.7,329527.0,1340.0,1181.0,2.9377414565545354,67976.0,11060.0,3405.0,68530.0,14833.0,11691.0,1096611.0,4,11,2018,3
2018-12-01,206.141,20777.64963665688,3.9,128.4379730916621,18012.4,329659.0,1317.0,1095.0,2.9938725100538544,67976.0,11060.0,3405.0,68530.0,14833.0,11691.0,1096611.0,4,12,2018,5
2019-01-01,206.536,21104.133,4.0,129.7742,18053.9,329766.0,1261.0,1226.0,2.69,68504.0,10655.0,3465.0,69254.0,14804.0,11412.0,1031765.0,1,1,2019,1
2019-02-01,206.862,21314.191144344964,3.8,129.96669316165932,18151.4,329862.0,1287.0,1121.0,2.6086697571265964,68504.0,10655.0,3465.0,69254.0,14804.0,11412.0,1031765.0,1,2,2019,4
2019-03-01,207.083,21382.33937679802,3.8,129.90539993127373,18229.5,329977.0,1305.0,1191.0,2.586230646448964,68504.0,10655.0,3465.0,69254.0,14804.0,11412.0,1031765.0,1,3,2019,4
2019-04-01,207.535,21384.775,3.7,129.4642,18262.1,330103.0,1311.0,1272.0,2.6,68504.0,10655.0,3465.0,69254.0,14804.0,11412.0,1031765.0,2,4,2019,0
2019-05-01,208.148,21462.971686894874,3.6,130.0384058351915,18277.0,330240.0,1347.0,1293.0,2.5523422089981733,68504.0,10655.0,3465.0,69254.0,14804.0,11412.0,1031765.0,2,5,2019,2
2019-06-01,208.642,21560.507025509876,3.6,130.4018644104888,18310.5,330393.0,1315.0,1243.0,2.5033643047945406,68504.0,10655.0,3465.0,69254.0,14804.0,11412.0,1031765.0,2,6,2019,5
2019-07-01,209.247,21694.282,3.7,130.6581,18328.6,330553.0,1352.0,1240.0,2.44,68504.0,10655.0,3465.0,69254.0,14804.0,11412.0,1031765.0,3,7,2019,0
2019-08-01,210.028,21644.117134929293,3.6,130.87900511059345,18423.6,330729.0,1489.0,1375.0,2.462408737699727,68504.0,10655.0,3465.0,69254.0,14804.0,11412.0,1031765.0,3,8,2019,3
2019-09-01,210.838,21722.100166990876,3.5,131.343347434027,18474.4,330904.0,1474.0,1311.0,2.4252228561554885,68504.0,10655.0,3465.0,69254.0,14804.0,11412.0,1031765.0,3,9,2019,6
2019-10-01,211.725,21902.39,3.6,132.3087,18549.5,331066.0,1525.0,1325.0,2.34,68504.0,10655.0,3465.0,69254.0,14804.0,11412.0,1031765.0,4,10,2019,1
2019-11-01,212.765,21762.40036664859,3.6,131.59674481955005,18630.7,331213.0,1527.0,1353.0,2.4059153407032756,68504.0,10655.0,3465.0,69254.0,14804.0,11412.0,1031765.0,4,11,2019,4
2019-12-01,213.93400000000003,21691.932438401298,3.6,131.25175283748445,18583.8,331345.0,1451.0,1548.0,2.438986311843029,68504.0,10655.0,3465.0,69254.0,14804.0,11412.0,1031765.0,4,12,2019,6
2020-01-01,215.032,21706.513,3.6,133.6476,18821.5,331443.0,1507.0,1578.0,2.35,68431.0,10667.0,3479.0,69341.0,14681.0,11267.0,707362.0,1,1,2020,2
2020-02-01,215.902,21634.2008973819,3.5,135.24283420121088,18925.6,331525.0,1442.0,1537.0,2.448459055434245,68431.0,10667.0,3479.0,69341.0,14681.0,11267.0,707362.0,1,2,2020,5
2020-03-01,216.462,21553.119597564804,4.4,136.43275842342365,18577.4,331642.0,1358.0,1252.0,2.524114843948429,68431.0,10667.0,3479.0,69341.0,14681.0,11267.0,707362.0,1,3,2020,6
2020-04-01,216.862,19913.143,14.8,135.4362,20750.9,331699.0,1066.0,931.0,2.54,68431.0,10667.0,3479.0,69341.0,14681.0,11267.0,707362.0,2,4,2020,2
2020-05-01,216.992,21374.65066444924,13.2,138.2948486914069,19877.2,331701.0,1260.0,1053.0,2.66160452243535,68431.0,10667.0,3479.0,69341.0,14681.0,11267.0,707362.0,2,5,2020,4
2020-06-01,217.576,21468.613628596435,11.0,138.6846606802088,19920.9,331744.0,1338.0,1254.0,2.688055410721283,68431.0,10667.0,3479.0,69341.0,14681.0,11267.0,707362.0,2,6,2020,0
2020-07-01,219.286,21647.64,10.2,138.2994,20191.5,331811.0,1546.0,1523.0,2.83,68431.0,10667.0,3479.0,69341.0,14681.0,11267.0,707362.0,3,7,2020,2
2020-08-01,222.267,21664.607440992135,8.4,139.73624128997452,19594.2,331885.0,1529.0,1401.0,2.683737633421412,68431.0,10667.0,3479.0,69341.0,14681.0,11267.0,707362.0,3,8,2020,5
2020-09-01,225.727,21812.703624997874,7.8,141.21794020847958,19744.9,331966.0,1624.0,1463.0,2.721129118299652,68431.0,10667.0,3479.0,69341.0,14681.0,11267.0,707362.0,3,9,2020,1
2020-10-01,229.644,22024.502,6.8,143.1677,19758.5,332041.0,1613.0,1543.0,2.75,68431.0,10667.0,3479.0,69341.0,14681.0,11267.0,707362.0,4,10,2020,3
2020-11-01,233.212,21758.748491439183,6.7,140.64153355188006,19610.4,332079.0,1714.0,1553.0,2.702772056779152,68431.0,10667.0,3479.0,69341.0,14681.0,11267.0,707362.0,4,11,2020,6
2020-12-01,236.532,21768.442702704448,6.7,140.80221176975695,19775.2,332062.0,1744.0,1635.0,2.7143171472498717,68431.0,10667.0,3479.0,69341.0,14681.0,11267.0,707362.0,4,12,2020,1
2021-01-01,239.686,22600.185,6.4,146.1261,21760.9,332007.0,1883.0,1639.0,2.68,67544.0,10824.0,3582.0,68331.0,15085.0,11612.0,740002.0,1,1,2021,4
2021-02-01,242.44,23646.732681806203,6.2,151.93813765695586,20254.0,331983.0,1715.0,1407.0,2.4167794775800577,67544.0,10824.0,3582.0,68331.0,15085.0,11612.0,740002.0,1,2,2021,0
2021-03-01,245.554,23536.842549343066,6.1,151.30906704001347,24471.8,332023.0,1732.0,1668.0,2.448691208186197,67544.0,10824.0,3582.0,68331.0,15085.0,11612.0,740002.0,1,3,2021,0
2021-04-01,249.124,23292.362,6.1,149.5001,21304.2,332089.0,1738.0,1492.0,2.48,67544.0,10824.0,3582.0,68331.0,15085.0,11612.0,740002.0,2,4,2021,3
2021-05-01,253.385,23667.262475998457,5.8,152.10312263423106,20899.7,332161.0,1681.0,1607.0,2.39925961076514,67544.0,10824.0,3582.0,68331.0,15085.0,11612.0,740002.0,2,5,2021,5
2021-06-01,258.248,23711.707334241743,5.9,152.39882422493477,20934.3,332249.0,1657.0,1638.0,2.3854802486806848,67544.0,10824.0,3582.0,68331.0,15085.0,11612.0,740002.0,2,6,2021,1
2021-07-01,262.617,23828.973,5.4,153.558,21156.5,332375.0,1652.0,1600.0,2.29,67544.0,10824.0,3582.0,68331.0,15085.0,11612.0,740002.0,3,7,2021,3
2021-08-01,266.594,23909.629728799842,5.1,153.49315862836045,21207.3,332506.0,1770.0,1595.0,2.3584539797665798,67544.0,10824.0,3582.0,68331.0,15085.0,11612.0,740002.0,3,8,2021,6
2021-09-01,270.175,23993.16693056898,4.7,153.9126869599235,21051.2,332610.0,1625.0,1563.0,2.3531031099243904,67544.0,10824.0,3582.0,68331.0,15085.0,11612.0,740002.0,3,9,2021,2
2021-10-01,273.543,24654.603,4.5,157.3409,21201.4,332708.0,1719.0,1587.0,2.29,67544.0,10824.0,3582.0,68331.0,15085.0,11612.0,740002.0,4,10,2021,4
2021-11-01,277.26,24071.772599784006,4.1,154.25779137176548,21297.7,332806.0,1766.0,1704.0,2.358153268504325,67544.0,10824.0,3582.0,68331.0,15085.0,11612.0,740002.0,4,11,2021,0
2021-12-01,281.47,23901.68405646246,3.9,153.33364910051068,21352.9,332891.0,1913.0,1757.0,2.3833444004115005,67544.0,10824.0,3582.0,68331.0,15085.0,11612.0,740002.0,4,12,2021,2
2022-01-01,286.188,25029.116,4.0,160.8385,21294.8,332933.0,1915.0,1712.0,2.09,67851.0,10987.0,3704.0,68446.0,14641.0,11481.0,1018349.0,1,1,2022,5
2022-02-01,291.266,25352.53436557021,3.8,160.27679139402198,21426.2,332972.0,1860.0,1742.0,2.0105750631757147,67851.0,10987.0,3704.0,68446.0,14641.0,11481.0,1018349.0,1,2,2022,1
2022-03-01,296.538,25476.838375894116,3.6,160.10406341607725,21510.5,333067.0,1879.0,1678.0,1.9796598510571308,67851.0,10987.0,3704.0,68446.0,14641.0,11481.0,1018349.0,1,3,2022,1
2022-04-01,300.573,25544.273,3.7,160.6834,21581.3,333191.0,1835.0,1828.0,1.96,67851.0,10987.0,3704.0,68446.0,14641.0,11481.0,1018349.0,2,4,2022,4
2022-05-01,303.617,25683.64605948876,3.6,159.3291837301397,21657.1,333317.0,1712.0,1540.0,1.9290272796175163,67851.0,10987.0,3704.0,68446.0,14641.0,11481.0,1018349.0,2,5,2022,6
2022-06-01,304.478,25775.783641214537,3.6,158.88770183464945,21740.7,333451.0,1745.0,1542.0,1.9056329074035017,67851.0,10987.0,3704.0,68446.0,14641.0,11481.0,1018349.0,2,6,2022,2
2022-07-01,303.512,25994.639,3.5,157.5028,21910.5,333599.0,1719.0,1392.0,1.84,67851.0,10987.0,3704.0,68446.0,14641.0,11481.0,1018349.0,3,7,2022,4
2022-08-01,301.046,25959.05264400583,3.6,158.2974237066403,22024.3,333762.0,1542.0,1520.0,1.86815604636083,67851.0,10987.0,3704.0,68446.0,14641.0,11481.0,1018349.0,3,8,2022,0
2022-09-01,299.02,26237.97130941618,3.5,157.7920418963826,22121.5,333925.0,1613.0,1470.0,1.817608386391435,67851.0,10987.0,3704.0,68446.0,14641.0,11481.0,1018349.0,3,9,2022,3
2022-10-01,298.61400000000003,26408.405,3.6,157.4051,22242.2,334071.0,1560.0,1440.0,1.79,67851.0,10987.0,3704.0,68446.0,14641.0,11481.0,1018349.0,4,10,2022,5
2022-11-01,298.339,26299.13670437848,3.6,157.7462419045026,22267.7,334206.0,1402.0,1420.0,1.8094125045569986,67851.0,10987.0,3704.0,68446.0,14641.0,11481.0,1018349.0,4,11,2022,1
2022-12-01,297.60900000000004,26471.849605991905,3.5,157.42057016975457,22312.3,334326.0,1400.0,1340.0,1.7846268237964553,67851.0,10987.0,3704.0,68446.0,14641.0,11481.0,1018349.0,4,12,2022,3
2023-01-01,297.461,26813.601,3.4,157.4829,22525.3,334433.0,1443.0,1361.0,1.74,68713.0,11082.0,3782.0,69044.0,14882.0,11328.0,1018348.9999999999,1,1,2023,6
2023-02-01,297.779,26970.78761240177,3.6,157.62907537051123,22648.4,334544.0,1620.0,1404.0,1.7382789611241267,68713.0,11082.0,3782.0,69044.0,14882.0,11328.0,1018349.0,1,2,2023,2
2023-03-01,298.839,27131.321157563936,3.5,157.79222265687224,22757.9,334664.0,1493.0,1342.0,1.729144493685425,68713.0,11082.0,3782.0,69044.0,14882.0,11328.0,1018349.0,1,3,2023,2
2023-04-01,300.244,27063.012,3.4,157.2887,22806.1,334792.0,1470.0,1368.0,1.73,68713.0,11082.0,3782.0,69044.0,14882.0,11328.0,1018349.0000000001,2,4,2023,5
2023-05-01,302.323,27295.941851142383,3.7,158.2833429184633,22876.6,334929.0,1532.0,1583.0,1.7250371275276573,68713.0,11082.0,3782.0,69044.0,14882.0,11328.0,1018349.0000000001,2,5,2023,0
2023-06-01,304.366,27401.41064462469,3.6,158.57474152171346,22921.4,335080.0,1493.0,1415.0,1.7228089916096219,68713.0,11082.0,3782.0,69044.0,14882.0,11328.0,1018348.9999999999,2,6,2023,3
2023-07-01,306.474,27610.128,3.5,159.0537,22986.4,335248.0,1501.0,1473.0,1.72,68713.0,11082.0,3782.0,69044.0,14882.0,11328.0,1018349.0000000001,3,7,2023,5
2023-08-01,308.86400000000003,27551.881193132278,3.8,159.16999757917043,23094.5,335431.0,1578.0,1305.0,1.717220009001642,68713.0,11082.0,3782.0,69044.0,14882.0,11328.0,1018348.9999999999,3,8,2023,1
2023-09-01,310.92400000000004,27814.5704253442,3.8,160.02982985761867,23176.2,335612.0,1515.0,1363.0,1.7085102509118932,68713.0,11082.0,3782.0,69044.0,14882.0,11328.0,1018348.9999999999,3,9,2023,4
2023-10-01,312.772,27956.998,3.8,160.806,23189.4,335773.0,1534.0,1365.0,1.7,68713.0,11082.0,3782.0,69044.0,14882.0,11328.0,1018349.0,4,10,2023,6
2023-11-01,313.658,27869.389109722597,3.7,160.13482922729034,23241.5,335925.0,1508.0,1510.0,1.7081127037298476,68713.0,11082.0,3782.0,69044.0,14882.0,11328.0,1018349.0000000001,4,11,2023,2
2023-12-01,314.42900000000003,28086.29333078841,3.7,160.0518550063708,23311.6,336070.0,1530.0,1568.0,1.7105607804505754,68713.0,11082.0,3782.0,69044.0,14882.0,11328.0,1018349.0,4,12,2023,4
2024-01-01,315.78700000000003,28269.174,3.7,160.6163,23560.0,336194.0,1508.0,1376.0,1.71,68712.99999999999,11081.999999999998,3781.9999999999995,69044.0,14881.999999999998,11328.0,1018349.0,1,1,2024,0
2024-02-01,317.332,28271.004308440948,3.9,160.2176942477984,23626.3,336306.0,1563.0,1546.0,1.7151568504417958,68712.99999999999,11081.999999999998,3781.9999999999995,69043.99999999999,14881.999999999998,11327.999999999996,1018349.0,1,2,2024,3
2024-03-01,318.308,28390.35023583218,3.8,160.1482169742256,23746.6,336423.0,1485.0,1299.0,1.7204385620038447,68713.0,11081.999999999998,3782.0,69044.0,14882.0,11327.999999999998,1018348.9999999999,1,3,2024,4
2024-04-01,319.326,28629.153,3.9,160.05407285240784,23799.3,336550.0,1440.0,1377.0,1.73,68713.00000000001,11082.000000000002,3782.0000000000005,69044.00000000001,14882.000000000004,11328.000000000002,1018349.0,2,4,2024,0
2024-05-01,320.144,28421.984313613557,4.0,159.9745456470018,23898.0,336687.0,1399.0,1315.0,1.7224315620505717,68713.0,11082.0,3781.9999999999995,69044.0,14881.999999999998,11327.999999999998,1018348.9999999999,2,5,2024,2
