hpi,gdp,unemployment,property_price,personal_income,population,permit,new_homes,delinquency,men_married,men_unmarried_divorced,men_unmarried_widowed,women_married,women_unmarried_divorced,women_unmarried_widowed,immigrants
63.965,4722.156,6.6,85.2524,3820.2,241857.0,1690.0,1774.0,-0.9445752490642754,54059.326926520094,5689.178961650985,2134.6654206652634,55162.56110293227,8218.932526166533,11006.097500671074,599889.0
64.423,4489.181078033152,6.6,91.60009699596296,3845.0,242005.0,1689.0,1784.0,-1.6092297595008223,54490.93523857189,5639.9931407026825,2084.094321186859,55606.64612302612,8277.717102030489,10996.09198845077,599889.0
64.735,4482.8575033596435,6.6,91.82685301260966,3863.8,242166.0,1704.0,1726.0,-1.5530085621401586,54526.16710057728,5656.130670522392,2081.018766493008,55644.43667987201,8291.152537694863,11001.964519397114,599889.0
65.131,4806.16,6.3,86.0896,3875.4,242338.0,1601.0,1614.0,-0.8417240569298325,54286.526110564184,5733.390856973247,2118.9875649124306,55373.43064487969,8253.06257700437,10988.044252905129,599889.0
65.563,4521.11234659457,6.3,86.16732001760198,3908.6,242516.0,1500.0,1628.0,-1.2158474824196457,54532.00200230737,5676.083099770695,2091.3756165440905,55660.46962164964,8285.649616966479,11004.528353785077,599889.0
66.071,4515.814897978326,6.2,86.71256141565115,3919.7,242706.0,1522.0,1594.0,-1.2640507183766747,54578.14378765845,5693.0875799974,2088.3825745982517,55706.516038664384,8305.93116312275,11009.273215330713,599889.0
66.508,4884.555,6.1,86.9421,3942.1,242908.0,1516.0,1575.0,-0.8724520124736177,54497.95385155061,5764.925722798587,2111.843622903277,55574.46425426017,8301.461283190427,10971.070600808333,599889.0
66.938,4590.080352200394,6.0,86.72511403705198,3978.6,243118.0,1511.0,1605.0,-1.3644434547607194,54643.66406750858,5716.830390891503,2094.6044349385174,55768.73381365096,8338.370183728428,11010.145310163552,599889.0
67.331,4651.8604126083055,5.9,87.2576122756409,3995.6,243335.0,1514.0,1695.0,-1.5234561867808392,54671.949167204075,5725.298435820479,2101.842324090204,55789.513147440746,8362.834643748065,11003.162512517647,599889.0
67.73899999999999,5007.994,6.0,87.9304,4034.7,243543.0,1447.0,1515.0,-0.7969895393045583,54700.88715723845,5807.1208077302035,2107.63916008321,55765.22070001669,8350.792757588639,10953.99683051752,599889.0
68.108,4719.508129761204,5.8,85.78516495313124,4062.1,243724.0,1457.0,1656.0,-1.4103030051004186,54716.27705028276,5749.141564213851,2108.9108098236266,55836.24570857952,8381.982840090805,11005.688384480385,599889.0
68.505,4678.309487077616,5.7,81.93272027075878,4115.7,243895.0,1345.0,1400.0,-0.9572086022459505,54734.29235912526,5770.291784142742,2103.582400211392,55873.560104062766,8362.801625164026,11025.12235472761,599889.0
68.857,5073.372,5.7,88.7984,4128.2,244056.0,1244.0,1271.0,-0.5792029642172647,55078.68553910507,5831.275567191992,2082.400869566789,56120.94215629202,8380.330495756974,10954.558868911867,641346.0
69.26100000000001,4770.147159952122,5.7,85.89356490693424,4153.0,244205.0,1438.0,1473.0,-1.1846754249680806,54854.10577995013,5786.460172841271,2107.0333716374025,55967.9765095643,8411.40640191803,11043.933159157988,641346.0
69.637,4812.792022694018,5.7,88.56483778368886,4178.3,244362.0,1525.0,1532.0,-1.4156098072940235,54900.882724875635,5795.385792453778,2107.441198154638,56007.21919040228,8439.32420792017,11042.878701397189,641346.0
69.976,5190.036,5.4,89.9367,4209.5,244528.0,1429.0,1573.0,-1.2944489035521265,54953.802047882724,5839.254792788526,2121.2006217923017,55999.87873333155,8436.59279103465,10983.16602292432,641346.0
70.426,4830.372002941237,5.6,86.09927128632052,4225.9,244708.0,1444.0,1421.0,-1.1642954719742171,54939.61163650057,5822.57967871708,2109.6503050862266,56053.97606035738,8450.509548449354,11050.321014441015,641346.0
70.889,4886.081594606866,5.4,87.64571471348731,4258.9,244914.0,1485.0,1478.0,-1.4416506460346117,54989.48587904555,5830.797043827749,2112.8510908374637,56096.524226446716,8475.795508723855,11049.326572018996,641346.0
71.355,5282.835,5.4,91.256,4298.8,245131.0,1439.0,1467.0,-1.16124321248998,55106.40905389349,5890.373613380391,2117.1947776745556,56145.965290791435,8485.039455925253,10981.73128993446,641346.0
71.8,4975.712333376277,5.6,87.07259961458166,4323.0,245352.0,1460.0,1493.0,-1.2320789489490682,55027.39187251758,5859.657187987379,2122.727923604937,56134.055502278505,8506.65259901145,11045.521896884711,641346.0
72.241,5012.019845140144,5.4,86.60607978280586,4352.5,245579.0,1436.0,1492.0,-1.305977576182519,55063.691985859485,5871.974064271215,2126.234275908374,56169.00164694562,8522.308952178628,11046.590236464266,641346.0
72.63600000000001,5399.509,5.4,92.5778,4391.1,245789.0,1516.0,1522.0,-1.2639851386286018,55163.4988757503,5934.680407937834,2130.785483480484,56199.85487843208,8546.639508315391,10988.946924193633,641346.0
73.072,5094.632002687394,5.3,89.05752543391108,4402.5,245970.0,1508.0,1569.0,-1.575722434503584,55142.7432558513,5894.491153350526,2130.91869405985,56238.25928901789,8569.293217875216,11044.254002038178,641346.0
73.465,5134.362696245541,5.3,88.94182802605039,4438.6,246140.0,1501.0,1563.0,-1.5479072764141826,55164.14748702578,5904.31426216675,2134.313096965243,56259.689223332956,8579.492873945743,11044.951759024005,641346.0
73.947,5511.253,5.4,93.6124,4501.5,246301.0,1466.0,1621.0,-1.0447441385355525,55391.195621576524,5878.974390042007,2193.568085264201,56340.09285742328,8610.237292552272,11305.276168248653,1090172.0
74.383,5495.611127337009,5.2,96.80334939345119,4529.6,246454.0,1383.0,1425.0,-1.07929197935883,55730.49884541809,5887.027491147683,2153.8181888973822,56663.044570553044,8629.275771336925,11280.622071801914,1090172.0
74.779,5565.476888712777,5.0,92.4134237777331,4570.2,246626.0,1214.0,1422.0,-0.8816976100810621,55705.21599291042,5887.697987473826,2167.9631813589253,56642.04395257329,8614.891243208367,11275.75750613999,1090172.0
75.085,5612.463,5.2,93.5733,4582.5,246814.0,1376.0,1339.0,-0.6610842566686213,55602.961990147865,5939.975017159363,2176.620652154209,56538.68214758227,8633.236973964496,11294.795880858142,1090172.0
75.306,5515.666422529869,5.2,96.4926746994289,4579.4,247010.0,1381.0,1331.0,-0.8978014688842375,55820.88661325417,5934.726493025453,2152.840761510978,56757.28837875822,8674.607156407132,11288.716946597835,1090172.0
75.48,5585.31037874224,5.3,95.14091357364393,4602.2,247228.0,1322.0,1397.0,-0.7663428768349387,55816.35904290059,5944.122337608804,2164.1701778814304,56750.44121647556,8686.915010506913,11279.328418437517,1090172.0
75.656,5695.365,5.2,94.1373,4628.5,247458.0,1283.0,1427.0,-0.6805972077496136,55781.75847371293,5968.97334345777,2178.3594410722058,56707.828373677134,8696.794335078772,11269.892097491582,1090172.0
75.835,5599.832119328871,5.2,95.35137086783422,4639.1,247695.0,1334.0,1332.0,-0.7260651552714332,55902.32160471309,5983.220289078892,2162.461170481168,56837.53642477159,8728.90264149339,11286.327422601866,1090172.0
76.056,5609.137161634758,5.3,94.59279886737022,4662.3,247942.0,1314.0,1279.0,-0.5234726641829592,55930.35459879289,6005.4800192614675,2163.155271532585,56869.39371553037,8745.084941147972,11289.144058494301,1090172.0
76.283,5747.237,5.3,94.7279,4703.0,248174.0,1365.0,1410.0,-0.6088368386549003,55837.281167017,6024.979192255025,2187.463083701655,56768.392340604936,8763.374321916333,11287.269987326872,1090172.0
76.521,5705.96604449887,5.4,95.77707457556997,4718.1,248380.0,1344.0,1351.0,-0.5570870668386085,55988.52507599625,6032.1954602806145,2171.934695454951,56920.80666173544,8788.620277185957,11283.510641351311,1090172.0
76.705,5669.18660683826,5.4,97.55019944620477,4735.7,248569.0,1422.0,1251.0,-0.5687844732301528,56055.9616466779,6056.474660053832,2161.6449593407096,56991.11413370237,8813.07428796529,11295.827986600165,1090172.0
76.89699999999999,5872.701,5.4,94.0502,4783.8,248743.0,1748.0,1551.0,-0.6251375793729128,55833.0,6283.0,2333.0,56797.0,8845.0,11477.0,1535872.0
77.053,6234.564509141827,5.3,94.33883311651493,4819.8,248920.0,1329.0,1437.0,0.19325798146076245,55833.0,6283.0,2333.0,56797.0,8845.0,11477.0,1535872.0
77.20100000000001,6220.495986198676,5.2,91.89398830265941,4842.7,249146.0,1246.0,1289.0,0.491324838661507,55833.0,6283.0,2333.0,56797.0,8845.0,11477.0,1535872.0
77.278,5960.028,5.4,93.2186,4883.8,249436.0,1136.0,1248.0,0.4158179159719442,55833.0,6283.0,2333.0,56797.0,8845.0,11477.0,1535872.0
77.297,6264.780583359171,5.4,87.10460582615315,4889.5,249707.0,1067.0,1212.0,1.134320818494876,55833.0,6283.0,2333.0,56797.0,8845.0,11477.0,1535872.0
77.258,6286.2871077270875,5.2,87.70271052511862,4919.3,249990.0,1108.0,1177.0,1.015445236051507,55833.0,6283.0,2333.0,56797.0,8845.0,11477.0,1535872.0
77.139,6015.116,5.5,91.4427,4948.2,250285.0,1078.0,1171.0,0.7899087025401368,55833.0,6283.0,2333.0,56797.0,8845.0,11477.0,1535872.0
77.009,6310.3998474504815,5.7,85.94926785858922,4949.9,250595.0,1069.0,1115.0,1.5870049087455538,55833.0,6283.0,2333.0,56797.0,8845.0,11477.0,1535872.0
76.85,6349.180284610332,5.9,83.54975092412474,4978.6,250904.0,976.0,1110.0,1.944483192836218,55833.0,6283.0,2333.0,56797.0,8845.0,11477.0,1535872.0
76.699,6004.733,5.9,89.4855,4966.5,251201.0,925.0,1014.0,1.5447734520176102,55833.0,6283.0,2333.0,56797.0,8845.0,11477.0,1535872.0
76.369,6366.581651089008,6.2,81.9453448873553,4973.5,251486.0,941.0,1145.0,2.2707620405317126,55833.0,6283.0,2333.0,56797.0,8845.0,11477.0,1535872.0
76.184,6352.138687447453,6.3,79.47660184392828,5004.1,251758.0,861.0,969.0,2.731573014968836,55833.0,6283.0,2333.0,56797.0,8845.0,11477.0,1535872.0
75.915,6035.178,6.4,88.1239,4990.4,252012.0,786.0,798.0,3.09,56850.6710741655,6244.3524347252205,2256.3271484442794,57639.37831137905,9081.656889595237,11755.939280655071,1826595.0
75.733,6492.029739077244,6.6,99.3107517645465,4997.1,252253.0,853.0,965.0,2.4592565083745175,57234.07616578625,6288.353350658484,2237.8034873621605,57914.93668956037,9142.803789374811,11653.124542777377,1826595.0
75.569,6478.810353138141,6.8,100.61094945546014,5005.8,252507.0,911.0,921.0,2.5791657738756086,57285.03103303103,6316.61407341119,2233.0477194926925,57966.93369281524,9174.249392465921,11657.335835196402,1826595.0
75.565,6126.862,6.7,88.2351,5034.3,252778.0,916.0,1001.0,3.18,56769.578358198545,6301.151133596211,2287.9009698614027,57563.63748624539,9164.916668945702,11768.293967060377,1826595.0
75.764,6564.964471939768,6.9,103.1450267615985,5055.9,253060.0,991.0,996.0,2.46675619159069,57378.60436586792,6355.613355175735,2238.358659627107,58051.22152968153,9238.650908130854,11653.263204485329,1826595.0
75.992,6630.195071736404,6.9,102.65371721112066,5090.8,253350.0,964.0,1036.0,2.499881285858171,57405.263244018504,6371.60301712247,2246.3872026790395,58075.119479214445,9260.55397039757,11648.67533429749,1826595.0
76.081,6205.937,6.8,87.2432,5087.0,253650.0,973.0,1063.0,3.22,56777.52686428651,6369.099557457101,2308.9149222527267,57574.875964728126,9245.596286041728,11783.451210033894,1826595.0
76.108,6669.6804109066425,6.9,102.171881208645,5108.4,253966.0,944.0,1049.0,2.618225787761302,57487.31446538486,6420.017249270542,2251.357712495732,58154.377317498096,9319.625578174458,11645.561618313628,1826595.0
76.192,6689.964376486053,6.9,102.93559172840526,5141.5,254280.0,974.0,1015.0,2.633424377216926,57547.19261205297,6446.0584383273135,2250.36382896975,58214.10191280735,9349.945549050448,11649.970494409441,1826595.0
76.074,6264.54,7.0,86.3059,5157.7,254576.0,991.0,1079.0,3.28,56852.70558107519,6433.322492104675,2322.9326413780414,57656.17475470589,9327.9844046102,11797.22708165179,1826595.0
76.012,6778.323539366559,7.0,103.567378396822,5177.0,254841.0,984.0,1103.0,2.653520830929681,57615.71522214026,6484.016630658087,2260.184838542724,58274.92544104004,9407.559771687382,11641.21951183285,1826595.0
76.056,6822.394873421644,7.3,105.55089891132658,5233.0,255089.0,1061.0,1079.0,2.7532357688967046,57661.191130354004,6505.750761359286,2259.836294522416,58320.38008505834,9433.512200543431,11644.768863513646,1826595.0
76.087,6363.102,7.3,85.9164,5264.8,255331.0,1077.0,1176.0,3.12,56606.93670664565,6607.6348851814055,2246.05811425052,57588.665749124535,9354.070587885693,11185.256306235806,973445.0
76.156,6392.646754482751,7.4,87.17184791901855,5303.2,255576.0,1146.0,1250.0,2.217516380310556,56697.784007940405,6598.807905591767,2247.959789764718,57673.223048589825,9385.169799425039,11202.845187573772,973445.0
76.27600000000001,6451.727120619823,7.4,85.65693867712403,5323.8,255848.0,1082.0,1297.0,2.3207840282012224,56708.25494322027,6613.227071613656,2257.7938489133276,57681.83602005236,9402.30908716481,11195.663729815773,973445.0
76.345,6470.763,7.4,85.057,5357.4,256139.0,1054.0,1099.0,3.06,56731.15619989319,6667.076048158702,2252.9271434910947,57709.320612465555,9413.490924440073,11193.536107653828,973445.0
76.398,6503.902536966588,7.6,84.67359696502558,5392.4,256437.0,1056.0,1214.0,2.673306260164855,56779.603004180746,6661.678338391026,2261.795049764046,57758.510968746865,9443.891576139267,11200.21467435642,973445.0
76.332,6513.6584147298245,7.8,84.38771847353334,5424.0,256742.0,1057.0,1145.0,2.930061363117444,56818.95208574668,6690.879559031198,2261.258132664756,57802.42999879959,9466.874167344926,11204.516302063883,973445.0
76.263,6566.641,7.7,84.2302,5437.1,257063.0,1089.0,1139.0,2.88,56794.2463718626,6729.0375944174375,2271.1343184097996,57773.78110552193,9494.289179762156,11209.26417493855,973445.0
76.23,6601.103667996073,7.6,85.39665159041184,5465.1,257390.0,1075.0,1226.0,2.739788966719182,56923.07889210811,6733.008086027861,2269.2399548154062,57896.57323606478,9534.638119057196,11199.490058389814,973445.0
76.238,6569.167569462724,7.6,86.2433588157744,5452.8,257704.0,1114.0,1186.0,2.7725296593069384,56989.607014097804,6765.95208650556,2263.4882135425482,57962.82931663563,9574.025221488697,11203.705055458438,973445.0
76.375,6680.803,7.3,83.8807,5444.9,258004.0,1132.0,1244.0,2.79,56841.4282908688,6812.6151687091515,2290.230313742839,57807.58260395803,9591.66984267646,11208.27857230725,973445.0
76.557,6605.094158861625,7.4,86.585478812807,5467.4,258280.0,1118.0,1214.0,2.677606656803123,57085.66764784936,6808.9407444757335,2266.5226360369243,58053.04324385164,9634.456894285144,11202.248295458365,973445.0
76.67399999999999,6827.8666489436355,7.4,88.83980153573077,5676.8,258546.0,1176.0,1227.0,2.4640664616690486,57132.76189733833,6804.740942610801,2281.177975683986,58096.86422175498,9635.195320135099,11208.263971954715,973445.0
76.78399999999999,6729.459,7.3,83.4095,5534.1,258799.0,1177.0,1210.0,2.78,56833.0,6778.0,2468.0,57768.0,9883.0,11214.0,903916.0
76.837,6718.981619289879,7.1,82.37423941872225,5568.0,259036.0,1148.0,1210.0,2.3384295827044586,56833.0,6778.0,2468.0,57768.0,9883.0,11214.0,903916.0
76.868,6685.885151318743,7.0,79.58823667639831,5565.0,259283.0,1056.0,1083.0,2.6386549664341477,56833.0,6778.0,2468.0,57768.0,9883.0,11214.0,903916.0
76.936,6808.939,7.1,83.1692,5621.8,259547.0,1104.0,1258.0,2.67,56833.0,6778.0,2468.0,57768.0,9883.0,11214.0,903916.0
77.038,6821.352402638116,7.1,80.94051039622673,5637.9,259822.0,1112.0,1260.0,2.4757221503489095,56833.0,6778.0,2468.0,57768.0,9883.0,11214.0,903916.0
77.243,6826.009839086352,7.0,80.93741748854461,5632.9,260109.0,1130.0,1280.0,2.408776142519871,56833.0,6778.0,2468.0,57768.0,9883.0,11214.0,903916.0
77.43,6882.098,6.9,83.4042,5660.1,260411.0,1174.0,1254.0,2.59,56833.0,6778.0,2468.0,57768.0,9883.0,11214.0,903916.0
77.612,6886.058959184919,6.8,82.63942963562363,5682.0,260717.0,1230.0,1300.0,2.17204822350733,56833.0,6778.0,2468.0,57768.0,9883.0,11214.0,903916.0
77.794,6895.984012059823,6.7,82.7338136352904,5675.1,261015.0,1251.0,1343.0,2.0752294335700103,56833.0,6778.0,2468.0,57768.0,9883.0,11214.0,903916.0
77.941,7013.738,6.8,83.5711,5669.1,261294.0,1287.0,1392.0,2.44,56833.0,6778.0,2468.0,57768.0,9883.0,11214.0,903916.0
78.14699999999999,6928.0042957903415,6.6,84.530201694771,5694.4,261550.0,1357.0,1376.0,1.870231399798092,56833.0,6778.0,2468.0,57768.0,9883.0,11214.0,903916.0
78.325,7179.038355189669,6.5,88.1323066248143,5893.8,261796.0,1461.0,1533.0,1.4289122864525279,56833.0,6778.0,2468.0,57768.0,9883.0,11214.0,903916.0
78.59100000000001,7115.652,6.6,83.2658,5779.0,262021.0,1390.0,1272.0,2.39,57068.0,7250.0,2222.0,58185.0,10129.0,11073.0,803993.0
78.727,6876.417775728539,6.6,85.26712449054796,5798.0,262237.0,1269.0,1337.0,2.9518365149575896,57068.0,7250.0,2222.0,58185.0,10129.0,11073.0,803993.0
78.85600000000001,6979.387374194698,6.5,87.30023974953471,5829.4,262491.0,1342.0,1564.0,2.5272411514824267,57068.0,7250.0,2222.0,58185.0,10129.0,11073.0,803993.0
78.986,7246.931,6.4,83.2195,5890.5,262754.0,1392.0,1465.0,2.26,57068.0,7250.0,2222.0,58185.0,10129.0,11073.0,803993.0
79.222,7056.207310660359,6.1,88.14437444926986,5911.1,263014.0,1396.0,1526.0,2.2909673735065237,57068.0,7250.0,2222.0,58185.0,10129.0,11073.0,803993.0
79.422,7033.017545978512,6.1,86.58956639454217,5917.5,263294.0,1357.0,1409.0,2.5497429035035655,57068.0,7250.0,2222.0,58185.0,10129.0,11073.0,803993.0
79.594,7331.075,6.1,82.8818,5946.4,263580.0,1335.0,1439.0,2.16,57068.0,7250.0,2222.0,58185.0,10129.0,11073.0,803993.0
79.781,7106.435360771799,6.0,86.59611932132563,5968.7,263871.0,1377.0,1450.0,2.495042109101158,57068.0,7250.0,2222.0,58185.0,10129.0,11073.0,803993.0
79.92,7150.018028256173,5.9,87.21802937529148,6001.5,264159.0,1412.0,1474.0,2.3832712973797587,57068.0,7250.0,2222.0,58185.0,10129.0,11073.0,803993.0
80.065,7455.288,5.8,82.8292,6065.3,264430.0,1397.0,1450.0,2.06,57068.0,7250.0,2222.0,58185.0,10129.0,11073.0,803993.0
80.15,7250.46545007517,5.6,85.35736171556195,6075.4,264681.0,1340.0,1511.0,2.3592056866972957,57068.0,7250.0,2222.0,58185.0,10129.0,11073.0,803993.0
80.296,7266.727356137681,5.5,86.31934483894858,6108.1,264924.0,1396.0,1455.0,2.293428496236137,57068.0,7250.0,2222.0,58185.0,10129.0,11073.0,803993.0
80.426,7522.289,5.6,82.4352,6148.6,265157.0,1282.0,1407.0,2.08,57570.0,7383.0,2284.0,58984.0,10270.0,11082.0,720177.0
80.528,7059.847222579613,5.4,79.02374842863944,6173.3,265383.0,1254.0,1316.0,1.9399112448153932,57570.0,7383.0,2284.0,58984.0,10270.0,11082.0,720177.0
80.598,7072.166885018948,5.4,78.02663348415635,6200.3,265625.0,1226.0,1249.0,2.1082175509317285,57570.0,7383.0,2284.0,58984.0,10270.0,11082.0,720177.0
80.661,7580.997,5.8,82.24,6223.9,265877.0,1259.0,1267.0,2.11,57570.0,7383.0,2284.0,58984.0,10270.0,11082.0,720177.0
80.703,7136.8732840059665,5.6,78.67925688566649,6238.3,266134.0,1271.0,1314.0,2.163258321779095,57570.0,7383.0,2284.0,58984.0,10270.0,11082.0,720177.0
80.785,7158.674155325151,5.6,79.1245918513417,6267.4,266414.0,1305.0,1281.0,2.1836221728039273,57570.0,7383.0,2284.0,58984.0,10270.0,11082.0,720177.0
80.936,7683.125,5.7,82.61399999999999,6296.3,266700.0,1354.0,1461.0,2.16,57570.0,7383.0,2284.0,58984.0,10270.0,11082.0,720177.0
81.11,7258.235816837779,5.7,80.73794032606585,6319.0,266998.0,1386.0,1416.0,2.036600820791497,57570.0,7383.0,2284.0,58984.0,10270.0,11082.0,720177.0
81.306,7275.591041350347,5.6,81.129236297397,6347.7,267304.0,1421.0,1369.0,2.0118220930879698,57570.0,7383.0,2284.0,58984.0,10270.0,11082.0,720177.0
81.482,7772.586,5.5,82.6253,6373.5,267585.0,1400.0,1369.0,2.17,57570.0,7383.0,2284.0,58984.0,10270.0,11082.0,720177.0
81.619,7357.043705549065,5.6,81.04058083999413,6394.0,267829.0,1430.0,1452.0,1.9846120429529517,57570.0,7383.0,2284.0,58984.0,10270.0,11082.0,720177.0
81.736,7377.591472012503,5.6,81.07914698750423,6417.8,268047.0,1442.0,1431.0,2.0215430109596593,57570.0,7383.0,2284.0,58984.0,10270.0,11082.0,720177.0
81.834,7868.468,5.6,82.5863,6453.9,268258.0,1387.0,1467.0,2.18,57656.0,7768.0,2478.0,58905.0,10521.0,11078.0,915560.0
81.95299999999999,7982.838423203174,5.5,83.14270401969355,6517.8,268480.0,1420.0,1491.0,2.445705659022954,57656.0,7768.0,2478.0,58905.0,10521.0,11078.0,915560.0
82.194,8008.295698120207,5.5,83.25526261272097,6560.4,268724.0,1437.0,1424.0,2.5273571432811277,57656.0,7768.0,2478.0,58905.0,10521.0,11078.0,915560.0
82.42,8032.84,5.6,82.3523,6597.3,268980.0,1463.0,1516.0,2.26,57656.0,7768.0,2478.0,58905.0,10521.0,11078.0,915560.0
82.61,8119.421641038046,5.6,83.59876787458865,6637.3,269247.0,1457.0,1504.0,2.5402201715127273,57656.0,7768.0,2478.0,58905.0,10521.0,11078.0,915560.0
82.75200000000001,8159.233606361448,5.3,82.72444406185565,6681.3,269527.0,1429.0,1467.0,2.4831323003747574,57656.0,7768.0,2478.0,58905.0,10521.0,11078.0,915560.0
82.928,8131.408,5.5,82.3726,6681.6,269822.0,1450.0,1472.0,2.24,57656.0,7768.0,2478.0,58905.0,10521.0,11078.0,915560.0
83.086,8227.113107272915,5.1,81.85979797052022,6709.4,270130.0,1413.0,1557.0,2.38376798138251,57656.0,7768.0,2478.0,58905.0,10521.0,11078.0,915560.0
83.256,8246.521252436978,5.2,80.95960221672732,6747.4,270433.0,1392.0,1475.0,2.629767203804837,57656.0,7768.0,2478.0,58905.0,10521.0,11078.0,915560.0
83.37700000000001,8259.771,5.2,82.2826,6768.8,270730.0,1358.0,1392.0,2.34,57656.0,7768.0,2478.0,58905.0,10521.0,11078.0,915560.0
83.552,8315.192543520021,5.4,80.933874756433,6802.4,271002.0,1412.0,1489.0,2.7976360603618122,57656.0,7768.0,2478.0,58905.0,10521.0,11078.0,915560.0
83.721,8316.801015591962,5.4,80.46185193535649,6836.6,271243.0,1411.0,1370.0,2.9746225063509417,57656.0,7768.0,2478.0,58905.0,10521.0,11078.0,915560.0
83.955,8362.655,5.3,82.4067,6884.8,271472.0,1382.0,1355.0,2.3,57923.0,8231.0,2690.0,58829.0,11116.0,11058.0,797847.0
84.18,8681.943954808077,5.2,83.99890408139393,6920.9,271703.0,1445.0,1486.0,2.765608137125424,57923.0,8231.0,2690.0,58829.0,11116.0,11058.0,797847.0
84.45100000000001,8718.324624703288,5.2,83.59544491490115,6960.8,271952.0,1436.0,1457.0,2.8527199368828864,57923.0,8231.0,2690.0,58829.0,11116.0,11058.0,797847.0
84.62200000000001,8518.825,5.1,82.9084,6972.8,272213.0,1421.0,1492.0,2.28,57923.0,8231.0,2690.0,58829.0,11116.0,11058.0,797847.0
84.861,8765.122158630817,4.9,82.51656531739005,7001.3,272482.0,1414.0,1442.0,2.8058965272247374,57923.0,8231.0,2690.0,58829.0,11116.0,11058.0,797847.0
85.081,8822.193840569162,5.0,82.16201070570244,7035.8,272767.0,1402.0,1494.0,2.8766228547207806,57923.0,8231.0,2690.0,58829.0,11116.0,11058.0,797847.0
85.331,8662.823,4.9,83.6039,7071.7,273074.0,1440.0,1437.0,2.26,57923.0,8231.0,2690.0,58829.0,11116.0,11058.0,797847.0
85.573,8882.345586817682,4.8,82.53687027187496,7119.4,273395.0,1449.0,1390.0,2.878144099638037,57923.0,8231.0,2690.0,58829.0,11116.0,11058.0,797847.0
85.85,8973.130664256285,4.9,83.72311019117674,7158.1,273703.0,1494.0,1546.0,2.725386853587983,57923.0,8231.0,2690.0,58829.0,11116.0,11058.0,797847.0
86.147,8765.907,4.7,84.5486,7205.1,273989.0,1499.0,1520.0,2.2,57923.0,8231.0,2690.0,58829.0,11116.0,11058.0,797847.0
86.632,9073.632217654838,4.6,82.85865452633621,7257.0,274249.0,1469.0,1510.0,2.6978595258945273,57923.0,8231.0,2690.0,58829.0,11116.0,11058.0,797847.0
87.09200000000001,9140.170918770033,4.7,82.59615199063686,7300.0,274499.0,1456.0,1566.0,2.7573215820135974,57923.0,8231.0,2690.0,58829.0,11116.0,11058.0,797847.0
87.615,8866.48,4.6,86.0117,7368.9,274732.0,1555.0,1525.0,2.2,58633.0,8331.0,2569.0,59333.0,11093.0,11029.0,653206.0
88.00200000000001,9223.812395940582,4.6,94.17162006175138,7416.5,274943.0,1647.0,1584.0,1.8556458845110768,58633.0,8331.0,2569.0,59333.0,11093.0,11029.0,653206.0
88.44200000000001,9273.585000292129,4.7,93.12491559175376,7464.0,275175.0,1605.0,1567.0,2.0494914898431773,58633.0,8331.0,2569.0,59333.0,11093.0,11029.0,653206.0
88.87799999999999,8969.699,4.3,86.7112,7501.7,275434.0,1547.0,1540.0,2.12,58633.0,8331.0,2569.0,59333.0,11093.0,11029.0,653206.0
89.36399999999999,9360.688558406942,4.4,91.61923992244559,7547.0,275700.0,1554.0,1536.0,2.064153945285682,58633.0,8331.0,2569.0,59333.0,11093.0,11029.0,653206.0
89.845,9436.66903520966,4.5,91.63256823256009,7584.4,275976.0,1551.0,1641.0,2.0541258047626982,58633.0,8331.0,2569.0,59333.0,11093.0,11029.0,653206.0
90.31,9121.097,4.5,87.9125,7616.9,276266.0,1610.0,1698.0,2.09,58633.0,8331.0,2569.0,59333.0,11093.0,11029.0,653206.0
90.785,9504.710318226262,4.5,93.4508329162293,7656.2,276566.0,1654.0,1614.0,1.9869367648546685,58633.0,8331.0,2569.0,59333.0,11093.0,11029.0,653206.0
91.258,9526.759588850102,4.6,91.32700751658948,7678.1,276859.0,1577.0,1582.0,2.2803655048286835,58633.0,8331.0,2569.0,59333.0,11093.0,11029.0,653206.0
91.717,9293.991,4.5,89.2806,7708.8,277140.0,1719.0,1715.0,2.03,58633.0,8331.0,2569.0,59333.0,11093.0,11029.0,653206.0
92.199,9623.268920132792,4.4,93.27277778772785,7745.7,277402.0,1672.0,1660.0,1.968995669717458,58633.0,8331.0,2569.0,59333.0,11093.0,11029.0,653206.0
92.712,9691.1627178315,4.4,94.96380558435592,7771.8,277658.0,1742.0,1792.0,1.726727869577644,58633.0,8331.0,2569.0,59333.0,11093.0,11029.0,653206.0
93.208,9411.682,4.3,90.3018,7813.1,277891.0,1732.0,1748.0,1.94,59039.0,8556.0,2542.0,60001.0,11162.0,10944.0,644787.0
93.672,9668.36264032088,4.4,93.96158437524741,7840.9,278095.0,1720.0,1670.0,1.7536900638015656,59039.0,8556.0,2542.0,60001.0,11162.0,10944.0,644787.0
94.217,9703.551840374206,4.2,92.56890025340226,7855.9,278324.0,1665.0,1710.0,1.7187951988505876,59039.0,8556.0,2542.0,60001.0,11162.0,10944.0,644787.0
94.785,9526.21,4.3,91.2066,7871.1,278584.0,1600.0,1553.0,1.88,59039.0,8556.0,2542.0,60001.0,11162.0,10944.0,644787.0
95.344,9721.939891826907,4.2,91.19033700976775,7894.2,278859.0,1640.0,1611.0,1.9703045954508145,59039.0,8556.0,2542.0,60001.0,11162.0,10944.0,644787.0
95.975,9737.956773969414,4.3,92.2182666159299,7925.1,279148.0,1702.0,1559.0,2.0266629152185605,59039.0,8556.0,2542.0,60001.0,11162.0,10944.0,644787.0
96.591,9686.626,4.3,92.4138,7965.8,279448.0,1682.0,1669.0,2.15,59039.0,8556.0,2542.0,60001.0,11162.0,10944.0,644787.0
97.219,9871.776412561907,4.2,91.40228325878059,8016.9,279752.0,1671.0,1648.0,2.006011768480791,59039.0,8556.0,2542.0,60001.0,11162.0,10944.0,644787.0
97.862,9905.150107561632,4.2,88.35732179585443,8041.2,280053.0,1551.0,1635.0,2.2933929518718177,59039.0,8556.0,2542.0,60001.0,11162.0,10944.0,644787.0
98.522,9900.169,4.1,93.8233,8102.4,280337.0,1649.0,1608.0,1.99,59039.0,8556.0,2542.0,60001.0,11162.0,10944.0,644787.0
99.154,10037.428851262204,4.1,91.07749941797772,8165.3,280594.0,1672.0,1648.0,2.0604613233921203,59039.0,8556.0,2542.0,60001.0,11162.0,10944.0,644787.0
99.844,10147.704259667818,4.0,91.62783191050073,8251.2,280846.0,1683.0,1708.0,1.9321291808324137,59039.0,8556.0,2542.0,60001.0,11162.0,10944.0,644787.0
100.551,10002.179,4.0,95.1931,8348.0,281083.0,1727.0,1636.0,1.95,59684.0,8572.0,2604.0,60527.0,11309.0,11061.0,841002.0
101.339,10477.48791537873,4.1,100.06953546371386,8408.8,281299.0,1692.0,1737.0,1.5899370370660844,59684.0,8572.0,2604.0,60527.0,11309.0,11061.0,841002.0
102.127,10503.05137099441,4.0,98.82737422997963,8468.3,281531.0,1651.0,1604.0,1.7852536606657932,59684.0,8572.0,2604.0,60527.0,11309.0,11061.0,841002.0
102.922,10247.72,3.8,96.6309,8506.8,281763.0,1597.0,1626.0,1.98,59684.0,8572.0,2604.0,60527.0,11309.0,11061.0,841002.0
103.677,10586.470797516897,4.0,96.0870225921762,8544.5,281996.0,1543.0,1575.0,2.0871823856885268,59684.0,8572.0,2604.0,60527.0,11309.0,11061.0,841002.0
104.424,10638.26889511753,4.0,96.654230594995,8597.8,282247.0,1572.0,1559.0,2.0859800082065636,59684.0,8572.0,2604.0,60527.0,11309.0,11061.0,841002.0
105.054,10318.165,4.0,97.9506,8665.3,282504.0,1542.0,1463.0,2.09,59684.0,8572.0,2604.0,60527.0,11309.0,11061.0,841002.0
105.768,10759.571928571688,4.1,96.07953261909728,8712.2,282769.0,1552.0,1541.0,2.278138251068624,59684.0,8572.0,2604.0,60527.0,11309.0,11061.0,841002.0
106.538,10798.649945535151,3.9,96.28537354105339,8757.7,283033.0,1570.0,1507.0,2.1935210930333024,59684.0,8572.0,2604.0,60527.0,11309.0,11061.0,841002.0
107.382,10435.744,3.9,99.6332,8792.1,283285.0,1577.0,1549.0,2.23,59684.0,8572.0,2604.0,60527.0,11309.0,11061.0,841002.0
108.302,10871.08288689312,3.9,96.97811732440374,8809.9,283523.0,1614.0,1551.0,2.139049457833254,59684.0,8572.0,2604.0,60527.0,11309.0,11061.0,841002.0
109.142,10908.24649693193,3.9,95.19914289797913,8844.0,283748.0,1543.0,1532.0,2.326302461980708,59684.0,8572.0,2604.0,60527.0,11309.0,11061.0,841002.0
109.846,10470.231,4.2,101.0479,8940.9,283960.0,1699.0,1600.0,2.34,61209.0,8758.0,2540.0,61889.0,11980.0,11526.0,1058902.0
110.501,10736.777006328859,4.2,112.511896197109,8975.8,284166.0,1656.0,1625.0,1.5916152908271268,61209.0,8758.0,2540.0,61889.0,11980.0,11526.0,1058902.0
111.108,10763.471825527562,4.3,112.37821654834912,9009.4,284380.0,1659.0,1590.0,1.7229892312953883,61209.0,8758.0,2540.0,61889.0,11980.0,11526.0,1058902.0
111.652,10599.0,4.4,101.7624,9008.9,284602.0,1666.0,1649.0,2.41,61209.0,8758.0,2540.0,61889.0,11980.0,11526.0,1058902.0
112.164,10776.885025908894,4.3,111.88290148122488,9011.1,284834.0,1665.0,1605.0,1.7778789766987142,61209.0,8758.0,2540.0,61889.0,11980.0,11526.0,1058902.0
112.797,10799.172796180013,4.5,110.75472420883105,9017.1,285076.0,1626.0,1636.0,1.9863169480689908,61209.0,8758.0,2540.0,61889.0,11980.0,11526.0,1058902.0
113.491,10598.02,4.6,103.559,9014.6,285324.0,1598.0,1670.0,2.19,61209.0,8758.0,2540.0,61889.0,11980.0,11526.0,1058902.0
114.167,10770.278939635125,4.9,109.4767741827516,9001.4,285584.0,1615.0,1567.0,2.442585673231674,61209.0,8758.0,2540.0,61889.0,11980.0,11526.0,1058902.0
114.812,10749.324138860356,5.0,107.78823213546073,8975.3,285842.0,1565.0,1562.0,2.6593185888688016,61209.0,8758.0,2540.0,61889.0,11980.0,11526.0,1058902.0
115.31,10660.465,5.3,105.5555,8987.3,286086.0,1566.0,1540.0,2.26,61209.0,8758.0,2540.0,61889.0,11980.0,11526.0,1058902.0
115.857,10774.036566580111,5.5,109.1852105254475,8985.1,286315.0,1651.0,1602.0,2.860962958574591,61209.0,8758.0,2540.0,61889.0,11980.0,11526.0,1058902.0
116.455,10770.739194015874,5.7,109.46353829046953,8990.7,286533.0,1680.0,1568.0,3.0147961519920887,61209.0,8758.0,2540.0,61889.0,11980.0,11526.0,1058902.0
117.143,10783.5,5.7,107.0951,9015.6,286739.0,1665.0,1698.0,2.24,61268.0,8686.0,2636.0,62102.0,12268.0,11408.0,1059356.0
117.844,10890.023081747855,5.7,113.92642144236893,9031.9,286935.0,1787.0,1829.0,2.2850329955889883,61268.0,8686.0,2636.0,62102.0,12268.0,11408.0,1059356.0
118.687,10859.833593613519,5.7,111.1095572107777,9050.7,287131.0,1691.0,1642.0,2.7125279351320337,61268.0,8686.0,2636.0,62102.0,12268.0,11408.0,1059356.0
119.611,10887.46,5.9,108.7006,9099.9,287343.0,1669.0,1592.0,2.16,61268.0,8686.0,2636.0,62102.0,12268.0,11408.0,1059356.0
120.724,10985.983098432116,5.8,111.81666505852561,9131.0,287571.0,1716.0,1764.0,2.6510720633065503,61268.0,8686.0,2636.0,62102.0,12268.0,11408.0,1059356.0
121.813,11006.992752603157,5.8,112.50076776783092,9164.8,287808.0,1758.0,1717.0,2.6638775416387865,61268.0,8686.0,2636.0,62102.0,12268.0,11408.0,1059356.0
122.888,10984.04,5.8,111.014,9157.5,288051.0,1738.0,1655.0,2.1,61268.0,8686.0,2636.0,62102.0,12268.0,11408.0,1059356.0
123.831,11003.399765205817,5.7,110.19016868221948,9175.3,288303.0,1695.0,1633.0,2.9029418950097856,61268.0,8686.0,2636.0,62102.0,12268.0,11408.0,1059356.0
124.78,11076.629414108804,5.7,112.8189103568931,9197.1,288554.0,1803.0,1804.0,2.544926167245162,61268.0,8686.0,2636.0,62102.0,12268.0,11408.0,1059356.0
125.735,11061.433,5.7,112.9126,9229.6,288794.0,1799.0,1648.0,2.0,61268.0,8686.0,2636.0,62102.0,12268.0,11408.0,1059356.0
126.67,11133.273778416806,5.9,111.66202348794027,9258.8,289012.0,1771.0,1753.0,2.8627736761059417,61268.0,8686.0,2636.0,62102.0,12268.0,11408.0,1059356.0
127.624,11169.758332525795,6.0,114.4536892136912,9288.3,289214.0,1896.0,1788.0,2.6853244646587804,61268.0,8686.0,2636.0,62102.0,12268.0,11408.0,1059356.0
128.461,11174.129,5.8,114.0557,9290.1,289412.0,1808.0,1853.0,1.97,62142.0,8976.0,2697.0,62892.0,12673.0,11297.0,703542.0
129.356,10958.760627118434,5.9,115.46855469800576,9296.2,289606.0,1854.0,1629.0,1.8622615970586534,62142.0,8976.0,2697.0,62892.0,12673.0,11297.0,703542.0
130.148,11037.282042849649,5.9,113.44814256033445,9333.8,289809.0,1757.0,1726.0,1.9576740164885944,62142.0,8976.0,2697.0,62892.0,12673.0,11297.0,703542.0
130.885,11312.766,6.0,116.0826,9356.4,290024.0,1803.0,1643.0,1.83,62142.0,8976.0,2697.0,62892.0,12673.0,11297.0,703542.0
131.735,11129.862545825152,6.1,115.10938176189293,9414.4,290250.0,1835.0,1751.0,1.9756295699854274,62142.0,8976.0,2697.0,62892.0,12673.0,11297.0,703542.0
132.649,11209.445205553347,6.3,116.20638123309405,9455.3,290484.0,1875.0,1867.0,1.9290391037189263,62142.0,8976.0,2697.0,62892.0,12673.0,11297.0,703542.0
133.77700000000002,11566.669,6.2,118.8857,9491.6,290726.0,1885.0,1897.0,1.73,62142.0,8976.0,2697.0,62892.0,12673.0,11297.0,703542.0
134.968,11286.446307298149,6.1,117.95720027662688,9538.8,290974.0,1966.0,1833.0,1.7420295123023468,62142.0,8976.0,2697.0,62892.0,12673.0,11297.0,703542.0
136.29399999999998,11368.881754204136,6.1,118.00836009699006,9582.5,291222.0,1961.0,1939.0,1.663397607869948,62142.0,8976.0,2697.0,62892.0,12673.0,11297.0,703542.0
137.532,11772.234,6.0,122.7856,9620.4,291463.0,2012.0,1967.0,1.76,62142.0,8976.0,2697.0,62892.0,12673.0,11297.0,703542.0
138.795,11532.611289060951,5.8,117.36760819916131,9688.2,291677.0,1918.0,2083.0,1.4411354887539343,62142.0,8976.0,2697.0,62892.0,12673.0,11297.0,703542.0
140.18,11548.737340642561,5.7,118.72919941877208,9713.2,291868.0,1987.0,2057.0,1.3085240539641827,62142.0,8976.0,2697.0,62892.0,12673.0,11297.0,703542.0
141.64700000000002,11923.447,5.7,125.8305,9731.8,292046.0,1952.0,1911.0,1.65,62535.0,8980.0,2648.0,63345.0,12829.0,11146.0,957883.0
143.192,11844.192150464827,5.6,129.61129262349655,9765.4,292230.0,1966.0,1846.0,1.7785505478848975,62535.0,8980.0,2648.0,63345.0,12829.0,11146.0,957883.0
145.058,11940.497527948479,5.8,132.257768011761,9815.8,292434.0,2066.0,1998.0,1.5710966554039416,62535.0,8980.0,2648.0,63345.0,12829.0,11146.0,957883.0
146.592,12112.815,5.6,129.0036,9865.8,292651.0,2070.0,2003.0,1.6,62535.0,8980.0,2648.0,63345.0,12829.0,11146.0,957883.0
148.186,12074.411776650373,5.6,134.28254313192443,9950.0,292872.0,2150.0,1981.0,1.3557692113228406,62535.0,8980.0,2648.0,63345.0,12829.0,11146.0,957883.0
149.851,12077.74113503486,5.6,130.85103142039853,9988.4,293103.0,2020.0,1828.0,1.8085240196108678,62535.0,8980.0,2648.0,63345.0,12829.0,11146.0,957883.0
151.338,12305.307,5.5,132.9186,10033.0,293350.0,2112.0,2002.0,1.56,62535.0,8980.0,2648.0,63345.0,12829.0,11146.0,957883.0
152.634,12237.177100788966,5.4,131.96109169736044,10078.2,293603.0,2056.0,2024.0,1.4558615559656474,62535.0,8980.0,2648.0,63345.0,12829.0,11146.0,957883.0
154.18,12237.945418698753,5.4,131.14161403263475,10110.5,293857.0,2041.0,1905.0,1.6616321792586817,62535.0,8980.0,2648.0,63345.0,12829.0,11146.0,957883.0
155.752,12527.214,5.5,137.1175,10159.3,294104.0,2097.0,2072.0,1.41,62535.0,8980.0,2648.0,63345.0,12829.0,11146.0,957883.0
157.528,12267.12941170399,5.4,131.34799498133046,10171.5,294337.0,2079.0,1782.0,1.808901743153207,62535.0,8980.0,2648.0,63345.0,12829.0,11146.0,957883.0
159.33100000000002,12710.276177078547,5.4,133.88122455855105,10520.8,294561.0,2082.0,2042.0,1.4600363213403185,62535.0,8980.0,2648.0,63345.0,12829.0,11146.0,957883.0
161.289,12767.286,5.3,141.8573,10247.0,294768.0,2139.0,2144.0,1.42,63241.0,9258.0,2725.0,63901.0,13003.0,11112.0,1122257.0
163.344,12895.22884602188,5.4,141.98012708205644,10282.7,294955.0,2114.0,2207.0,1.1643798776629755,63241.0,9258.0,2725.0,63901.0,13003.0,11112.0,1122257.0
165.813,12860.726641056852,5.2,140.053260132948,10347.9,295149.0,2062.0,1864.0,1.551848405857493,63241.0,9258.0,2725.0,63901.0,13003.0,11112.0,1122257.0
167.502,12922.656,5.2,145.5037,10412.1,295359.0,2150.0,2061.0,1.55,63241.0,9258.0,2725.0,63901.0,13003.0,11112.0,1122257.0
169.351,13035.959900573602,5.1,141.04415463611892,10464.1,295582.0,2085.0,2025.0,1.309974040917636,63241.0,9258.0,2725.0,63901.0,13003.0,11112.0,1122257.0
171.19099999999997,13082.18225541271,5.0,143.09991607758568,10498.0,295824.0,2178.0,2068.0,1.059859706951455,63241.0,9258.0,2725.0,63901.0,13003.0,11112.0,1122257.0
172.86,13142.642,5.0,148.738,10558.3,296077.0,2203.0,2054.0,1.59,63241.0,9258.0,2725.0,63901.0,13003.0,11112.0,1122257.0
174.442,13220.988064976758,4.9,144.07268958368726,10619.6,296338.0,2219.0,2095.0,0.9544304948916409,63241.0,9258.0,2725.0,63901.0,13003.0,11112.0,1122257.0
176.437,13309.890744913158,5.0,145.22546050403614,10687.7,296606.0,2263.0,2151.0,0.9057363582502145,63241.0,9258.0,2725.0,63901.0,13003.0,11112.0,1122257.0
178.02700000000002,13324.204,5.0,152.0541,10767.3,296857.0,2170.0,2065.0,1.64,63241.0,9258.0,2725.0,63901.0,13003.0,11112.0,1122257.0
179.68,13450.204810160016,5.0,144.26106109028976,10815.4,297089.0,2218.0,2147.0,1.0530867638140347,63241.0,9258.0,2725.0,63901.0,13003.0,11112.0,1122257.0
180.91,13450.629467992898,4.9,141.5616635347229,10853.1,297311.0,2120.0,1994.0,1.380562059892151,63241.0,9258.0,2725.0,63901.0,13003.0,11112.0,1122257.0
182.32,13599.16,4.7,154.0211,11038.6,297526.0,2212.0,2273.0,1.61,63683.0,9679.0,2624.0,64121.0,13127.0,11290.0,1266129.0
183.287,13867.352750969887,4.8,148.85732132469778,11102.6,297734.0,2141.0,2119.0,1.7862776799244617,63683.0,9679.0,2624.0,64121.0,13127.0,11290.0,1266129.0
184.365,13896.102380899429,4.7,148.0626851382622,11171.8,297950.0,2118.0,1969.0,1.9628209164017765,63683.0,9679.0,2624.0,64121.0,13127.0,11290.0,1266129.0
184.328,13753.424,4.7,150.3991,11229.5,298170.0,1998.0,1821.0,1.62,63683.0,9679.0,2624.0,64121.0,13127.0,11290.0,1266129.0
184.155,13989.83678856639,4.6,142.9947632498136,11251.1,298401.0,1905.0,1942.0,2.3891417799961463,63683.0,9679.0,2624.0,64121.0,13127.0,11290.0,1266129.0
183.507,13995.079693907126,4.6,141.6635668608956,11292.8,298653.0,1867.0,1802.0,2.6594146381452095,63683.0,9679.0,2624.0,64121.0,13127.0,11290.0,1266129.0
183.066,13870.188,4.7,148.3941,11322.1,298910.0,1763.0,1737.0,1.74,63683.0,9679.0,2624.0,64121.0,13127.0,11290.0,1266129.0
182.593,14020.41787632561,4.7,137.55187878709992,11346.8,299178.0,1722.0,1650.0,3.2539525240323446,63683.0,9679.0,2624.0,64121.0,13127.0,11290.0,1266129.0
182.798,14089.183085095,4.5,136.03199467995708,11383.9,299452.0,1655.0,1720.0,3.2094802475344917,63683.0,9679.0,2624.0,64121.0,13127.0,11290.0,1266129.0
183.197,14039.56,4.4,149.6481,11417.8,299710.0,1570.0,1491.0,1.92,63683.0,9679.0,2624.0,64121.0,13127.0,11290.0,1266129.0
183.608,14155.550631647591,4.5,132.78495685322846,11479.3,299950.0,1535.0,1570.0,3.6761900056843597,63683.0,9679.0,2624.0,64121.0,13127.0,11290.0,1266129.0
184.138,14288.473348834868,4.4,135.63538588015572,11587.6,300178.0,1638.0,1649.0,3.3455986410699072,63683.0,9679.0,2624.0,64121.0,13127.0,11290.0,1266129.0
184.516,14215.651,4.6,146.69899999999998,11647.1,300398.0,1626.0,1409.0,2.08,64656.0,9633.0,2695.0,65202.0,13218.0,11211.0,1052415.0
184.598,14194.106762062544,4.5,137.09894630564258,11734.2,300608.0,1598.0,1480.0,2.06739841692254,64656.0,9633.0,2695.0,65202.0,13218.0,11211.0,1052415.0
184.15,14291.8049668549,4.4,137.30574242711293,11821.4,300823.0,1596.0,1495.0,2.0084299893970865,64656.0,9633.0,2695.0,65202.0,13218.0,11211.0,1052415.0
183.01,14402.082,4.5,139.716,11868.1,301045.0,1470.0,1490.0,2.29,64656.0,9633.0,2695.0,65202.0,13218.0,11211.0,1052415.0
181.6,14370.088577114708,4.4,134.6333330499382,11908.7,301278.0,1493.0,1415.0,2.3560562984622813,64656.0,9633.0,2695.0,65202.0,13218.0,11211.0,1052415.0
180.253,14411.006466144343,4.6,132.52536145712418,11929.2,301528.0,1407.0,1448.0,2.647321203914121,64656.0,9633.0,2695.0,65202.0,13218.0,11211.0,1052415.0
179.11,14564.117,4.7,135.4663,11955.7,301790.0,1361.0,1354.0,2.71,64656.0,9633.0,2695.0,65202.0,13218.0,11211.0,1052415.0
178.116,14422.837299239938,4.6,129.69218507717017,11963.1,302064.0,1321.0,1330.0,3.0351913445057512,64656.0,9633.0,2695.0,65202.0,13218.0,11211.0,1052415.0
177.55700000000002,14448.787392745813,4.7,127.94669040797328,12025.5,302334.0,1261.0,1183.0,3.4173488974563107,64656.0,9633.0,2695.0,65202.0,13218.0,11211.0,1052415.0
176.623,14715.058,4.7,130.22899999999998,12046.8,302590.0,1192.0,1264.0,3.1,64656.0,9633.0,2695.0,65202.0,13218.0,11211.0,1052415.0
175.146,14542.866859977006,4.7,126.87311247493642,12102.8,302834.0,1224.0,1197.0,3.5438572913176607,64656.0,9633.0,2695.0,65202.0,13218.0,11211.0,1052415.0
174.34099999999998,14582.931583006532,5.0,124.92656824333517,12182.7,303062.0,1149.0,1037.0,4.086080048416619,64656.0,9633.0,2695.0,65202.0,13218.0,11211.0,1052415.0
173.13099999999997,14706.538,5.0,123.7026,12227.8,303280.0,1094.0,1084.0,3.68,64217.0,9782.0,2916.0,64638.0,13564.0,11398.0,1107126.0
171.53900000000002,14746.93808812527,4.9,115.71457031476803,12264.9,303494.0,1014.0,1103.0,4.686067258535328,64217.0,9782.0,2916.0,64638.0,13564.0,11398.0,1107126.0
170.05200000000002,14773.613093131418,5.1,114.39390379423469,12314.7,303707.0,967.0,1005.0,5.043977417255018,64217.0,9782.0,2916.0,64638.0,13564.0,11398.0,1107126.0
168.33700000000002,14865.701,5.0,115.5133,12302.6,303926.0,1008.0,1013.0,4.36,64217.0,9782.0,2916.0,64638.0,13564.0,11398.0,1107126.0
166.658,15347.666284568306,5.4,117.7434447012713,12879.3,304157.0,995.0,973.0,5.1737443857031735,64217.0,9782.0,2916.0,64638.0,13564.0,11398.0,1107126.0
165.016,15138.872115021248,5.6,120.40809458025365,12661.0,304396.0,1180.0,1046.0,4.9702487629629,64217.0,9782.0,2916.0,64638.0,13564.0,11398.0,1107126.0
163.564,14898.999,5.8,109.1051,12514.8,304646.0,921.0,923.0,5.28,64217.0,9782.0,2916.0,64638.0,13564.0,11398.0,1107126.0
161.986,14863.315770977148,6.1,110.42241024598866,12426.0,304903.0,858.0,844.0,6.273307259727773,64217.0,9782.0,2916.0,64638.0,13564.0,11398.0,1107126.0
160.30700000000002,14883.27629857645,6.1,108.7191407883032,12445.0,305158.0,797.0,820.0,6.456937717833629,64217.0,9782.0,2916.0,64638.0,13564.0,11398.0,1107126.0
158.326,14608.209,6.5,106.4901,12446.5,305403.0,736.0,777.0,6.58,64217.0,9782.0,2916.0,64638.0,13564.0,11398.0,1107126.0
156.141,14789.496563719847,6.8,103.38678171807828,12387.1,305620.0,626.0,652.0,7.519828781377903,64217.0,9782.0,2916.0,64638.0,13564.0,11398.0,1107126.0
153.618,14616.198144040758,7.3,100.30617566797241,12238.5,305827.0,554.0,560.0,8.155919626994198,64217.0,9782.0,2916.0,64638.0,13564.0,11398.0,1107126.0
151.506,14430.902,7.8,103.9323,12125.6,306035.0,545.0,490.0,8.01,64842.0,9958.0,2813.0,65604.0,13308.0,11441.0,1130818.0
150.014,14192.583008282847,8.3,95.97618189066554,12007.4,306237.0,558.0,582.0,8.372043762877672,64842.0,9958.0,2813.0,65604.0,13308.0,11441.0,1130818.0
148.659,14131.331993578704,8.7,94.20680205583608,11965.3,306438.0,513.0,505.0,8.850087747445324,64842.0,9958.0,2813.0,65604.0,13308.0,11441.0,1130818.0
147.947,14381.236,9.0,102.864,12009.4,306645.0,521.0,478.0,8.57,64842.0,9958.0,2813.0,65604.0,13308.0,11441.0,1130818.0
147.69299999999998,14366.025447385087,9.4,95.94847762099812,12179.6,306863.0,556.0,540.0,9.209439359750354,64842.0,9958.0,2813.0,65604.0,13308.0,11441.0,1130818.0
148.088,14240.845596758358,9.5,95.8987851031369,12042.9,307090.0,601.0,585.0,9.212106179032647,64842.0,9958.0,2813.0,65604.0,13308.0,11441.0,1130818.0
148.408,14448.882,9.5,102.4796,11998.4,307322.0,595.0,594.0,9.48,64842.0,9958.0,2813.0,65604.0,13308.0,11441.0,1130818.0
148.27700000000002,14215.462311130224,9.6,95.32755454397216,12011.2,307570.0,616.0,586.0,9.343753123481,64842.0,9958.0,2813.0,65604.0,13308.0,11441.0,1130818.0
148.024,14270.86096684849,9.8,95.09085283547279,12061.1,307826.0,609.0,585.0,9.522484624313067,64842.0,9958.0,2813.0,65604.0,13308.0,11441.0,1130818.0
147.85,14651.249,10.0,102.874,12069.4,308071.0,583.0,534.0,10.4,64842.0,9958.0,2813.0,65604.0,13308.0,11441.0,1130818.0
148.136,14348.589787622052,9.9,95.1433244423522,12129.6,308289.0,623.0,588.0,9.627041666558677,64842.0,9958.0,2813.0,65604.0,13308.0,11441.0,1130818.0
147.93,14407.152256926718,9.9,96.10418166571799,12188.2,308495.0,664.0,581.0,9.583568070712191,64842.0,9958.0,2813.0,65604.0,13308.0,11441.0,1130818.0
147.39600000000002,14764.61,9.8,101.5136,12267.7,308706.0,636.0,614.0,11.48,64525.0,9981.0,2974.0,65197.0,13760.0,11368.0,1042625.0
145.631,14550.282184982083,9.8,95.18774048303149,12267.6,308904.0,650.0,604.0,9.717045708911687,64525.0,9981.0,2974.0,65197.0,13760.0,11368.0,1042625.0
145.858,14625.9252925812,9.9,96.20767623384407,12330.9,309095.0,687.0,636.0,9.69617579666922,64525.0,9981.0,2974.0,65197.0,13760.0,11368.0,1042625.0
146.401,14980.193,9.9,101.3833,12441.8,309289.0,637.0,687.0,11.08,64525.0,9981.0,2974.0,65197.0,13760.0,11368.0,1042625.0
146.392,14840.870386663202,9.6,94.26807094077006,12543.7,309485.0,575.0,583.0,9.794130829081123,64525.0,9981.0,2974.0,65197.0,13760.0,11368.0,1042625.0
145.719,14835.850547838665,9.4,94.15578279216086,12550.7,309691.0,587.0,536.0,9.73407616961455,64525.0,9981.0,2974.0,65197.0,13760.0,11368.0,1042625.0
144.987,15141.607,9.4,99.1217,12588.7,309913.0,579.0,546.0,10.66,64525.0,9981.0,2974.0,65197.0,13760.0,11368.0,1042625.0
143.912,14968.19328161392,9.5,94.10368359495047,12652.9,310146.0,580.0,599.0,9.79827440556647,64525.0,9981.0,2974.0,65197.0,13760.0,11368.0,1042625.0
143.015,14992.585462738316,9.5,93.47552001234581,12673.4,310385.0,563.0,594.0,9.874947511633536,64525.0,9981.0,2974.0,65197.0,13760.0,11368.0,1042625.0
142.526,15309.474,9.4,97.997,12723.6,310612.0,558.0,543.0,10.33,64525.0,9981.0,2974.0,65197.0,13760.0,11368.0,1042625.0
142.167,15078.776942897643,9.8,93.20025816746843,12765.5,310820.0,560.0,545.0,10.18986279883866,64525.0,9981.0,2974.0,65197.0,13760.0,11368.0,1042625.0
142.054,15185.832438302758,9.3,95.17375586190374,12873.1,311020.0,632.0,539.0,9.752727823105602,64525.0,9981.0,2974.0,65197.0,13760.0,11368.0,1042625.0
141.516,15351.448,9.1,95.091,13080.7,311204.0,576.0,630.0,10.36,64381.0,10670.0,2929.0,65000.0,13762.0,11306.0,1062040.0
140.343,15760.92017489079,9.0,91.28016659829501,13155.6,311373.0,542.0,517.0,10.928417179103981,64381.0,10670.0,2929.0,65000.0,13762.0,11306.0,1062040.0
139.975,15810.422192591705,9.0,92.28790043435271,13178.2,311551.0,583.0,600.0,10.783364863998344,64381.0,10670.0,2929.0,65000.0,13762.0,11306.0,1062040.0
140.007,15557.539,9.1,93.9779,13212.8,311740.0,581.0,554.0,10.55,64381.0,10670.0,2929.0,65000.0,13762.0,11306.0,1062040.0
139.903,15864.546233966306,9.0,92.7806417768723,13239.1,311935.0,618.0,561.0,10.820630223474083,64381.0,10670.0,2929.0,65000.0,13762.0,11306.0,1062040.0
139.86,15939.594125622047,9.1,93.33638923537507,13295.7,312147.0,636.0,608.0,10.822937115663866,64381.0,10670.0,2929.0,65000.0,13762.0,11306.0,1062040.0
139.72799999999998,15647.68,9.0,93.9588,13375.8,312372.0,621.0,623.0,10.5,64381.0,10670.0,2929.0,65000.0,13762.0,11306.0,1062040.0
139.308,16046.27756216266,9.0,93.48488152022054,13400.3,312605.0,647.0,585.0,10.824967860642243,64381.0,10670.0,2929.0,65000.0,13762.0,11306.0,1062040.0
138.667,16074.140431102685,9.0,92.46516286825641,13401.5,312842.0,610.0,650.0,10.861304605285678,64381.0,10670.0,2929.0,65000.0,13762.0,11306.0,1062040.0
137.951,15842.259,8.8,93.9934,13406.4,313060.0,671.0,610.0,10.25,64381.0,10670.0,2929.0,65000.0,13762.0,11306.0,1062040.0
137.15,16112.608366528882,8.6,94.27394918378633,13419.7,313260.0,706.0,711.0,10.427372315795115,64381.0,10670.0,2929.0,65000.0,13762.0,11306.0,1062040.0
136.672,16243.402905928098,8.5,94.53167859814488,13548.9,313454.0,697.0,694.0,10.404930195067145,64381.0,10670.0,2929.0,65000.0,13762.0,11306.0,1062040.0
136.606,16068.805,8.3,94.0927,13631.6,313636.0,712.0,723.0,10.33,65281.0,10696.0,2864.0,66049.0,14215.0,11193.0,1031631.0
136.531,16271.244653737238,8.3,107.03270075739732,13731.1,313811.0,738.0,704.0,9.510113900973913,65281.0,10696.0,2864.0,66049.0,14215.0,11193.0,1031631.0
137.90200000000002,16336.088084164134,8.2,108.68849171179494,13798.5,313993.0,806.0,695.0,9.347957212262152,65281.0,10696.0,2864.0,66049.0,14215.0,11193.0,1031631.0
139.151,16207.115,8.2,95.7299,13868.1,314176.0,732.0,753.0,10.45,65281.0,10696.0,2864.0,66049.0,14215.0,11193.0,1031631.0
140.15200000000002,16399.967555010477,8.2,108.25270611267564,13850.3,314368.0,796.0,708.0,9.408487994981314,65281.0,10696.0,2864.0,66049.0,14215.0,11193.0,1031631.0
141.028,16405.331647804916,8.2,107.93846751949246,13837.1,314576.0,794.0,757.0,9.396634851497424,65281.0,10696.0,2864.0,66049.0,14215.0,11193.0,1031631.0
141.66899999999998,16319.541,8.2,97.4306,13752.9,314796.0,849.0,740.0,10.48,65281.0,10696.0,2864.0,66049.0,14215.0,11193.0,1031631.0
142.278,16338.499058245656,8.1,107.86804893985283,13768.5,315031.0,840.0,754.0,9.35054295251624,65281.0,10696.0,2864.0,66049.0,14215.0,11193.0,1031631.0
142.906,16514.98125710607,7.8,110.68152393822612,13914.1,315264.0,930.0,847.0,8.890923365510055,65281.0,10696.0,2864.0,66049.0,14215.0,11193.0,1031631.0
143.597,16420.419,7.8,99.5454,14049.2,315485.0,887.0,915.0,10.02,65281.0,10696.0,2864.0,66049.0,14215.0,11193.0,1031631.0
144.58,16842.823411268164,7.7,111.65820783348846,14230.7,315692.0,917.0,833.0,8.871730277177932,65281.0,10696.0,2864.0,66049.0,14215.0,11193.0,1031631.0
145.497,17248.637255469825,7.9,114.43892244321063,14581.4,315877.0,941.0,976.0,8.74170677816561,65281.0,10696.0,2864.0,66049.0,14215.0,11193.0,1031631.0
146.82299999999998,16648.189,8.0,101.4535,13880.4,316038.0,940.0,888.0,9.73,65369.0,10954.0,3124.0,66287.0,14434.0,11225.0,990553.0
147.781,16565.246469185407,7.7,102.65716056414823,13902.0,316191.0,980.0,962.0,8.32393752517233,65369.0,10954.0,3124.0,66287.0,14434.0,11225.0,990553.0
149.96,16616.805198131966,7.5,101.72078565753083,13932.2,316357.0,936.0,1010.0,8.24414436530407,65369.0,10954.0,3124.0,66287.0,14434.0,11225.0,990553.0
151.517,16728.687,7.6,103.5181,13974.9,316535.0,1012.0,835.0,9.32,65369.0,10954.0,3124.0,66287.0,14434.0,11225.0,990553.0
152.849,16716.676739951745,7.5,103.21652985391967,14052.5,316729.0,1003.0,930.0,8.253752689898384,65369.0,10954.0,3124.0,66287.0,14434.0,11225.0,990553.0
154.19899999999998,16727.478354998475,7.5,101.49582055404932,14083.9,316934.0,942.0,839.0,8.503287484947176,65369.0,10954.0,3124.0,66287.0,14434.0,11225.0,990553.0
155.60399999999998,16953.838,7.3,105.7115,14072.0,317156.0,997.0,880.0,8.66,65369.0,10954.0,3124.0,66287.0,14434.0,11225.0,990553.0
156.961,16792.328227681624,7.2,101.70150480597823,14117.3,317397.0,964.0,917.0,8.255898220516322,65369.0,10954.0,3124.0,66287.0,14434.0,11225.0,990553.0
158.22299999999998,16838.55759585368,7.2,102.47671351154037,14181.7,317635.0,1004.0,850.0,8.288723173930848,65369.0,10954.0,3124.0,66287.0,14434.0,11225.0,990553.0
159.239,17192.019,7.2,108.0537,14152.3,317864.0,1044.0,925.0,8.3,65369.0,10954.0,3124.0,66287.0,14434.0,11225.0,990553.0
160.07299999999998,16951.284950088455,6.9,103.18168922098806,14209.6,318076.0,1029.0,1100.0,7.832641261200063,65369.0,10954.0,3124.0,66287.0,14434.0,11225.0,990553.0
160.99200000000002,16983.586599194543,6.7,102.44342625484848,14266.5,318276.0,1005.0,1002.0,7.885893542860259,65369.0,10954.0,3124.0,66287.0,14434.0,11225.0,990553.0
161.923,17197.738,6.6,108.6402,14369.2,318464.0,976.0,888.0,7.77,65853.0,10729.0,3059.0,66732.0,14614.0,11214.0,1016518.0
162.52100000000002,17071.562341702596,6.7,112.98568487064534,14456.4,318642.0,1039.0,944.0,7.412073411475582,65853.0,10729.0,3059.0,66732.0,14614.0,11214.0,1016518.0
163.08100000000002,17181.98628966462,6.7,114.0130203459874,14555.0,318827.0,1067.0,970.0,7.340993748465021,65853.0,10729.0,3059.0,66732.0,14614.0,11214.0,1016518.0
163.388,17518.508,6.2,108.0436,14624.5,319020.0,1090.0,1043.0,7.43,65853.0,10729.0,3059.0,66732.0,14614.0,11214.0,1016518.0
163.655,17341.07216837982,6.3,113.22987250328464,14689.5,319225.0,1018.0,1007.0,7.17271657771289,65853.0,10729.0,3059.0,66732.0,14614.0,11214.0,1016518.0
164.065,17387.228588288144,6.1,112.92291916403923,14760.1,319438.0,1010.0,911.0,7.193188960098407,65853.0,10729.0,3059.0,66732.0,14614.0,11214.0,1016518.0
164.584,17804.228,6.2,109.3539,14821.1,319670.0,1076.0,1085.0,7.06,65853.0,10729.0,3059.0,66732.0,14614.0,11214.0,1016518.0
165.21099999999998,17553.0183761207,6.1,114.04723136411332,14894.2,319919.0,1047.0,984.0,7.097056617416381,65853.0,10729.0,3059.0,66732.0,14614.0,11214.0,1016518.0
165.90099999999998,17625.784029363884,5.9,114.80384275392333,14951.2,320166.0,1077.0,1023.0,6.89933691373945,65853.0,10729.0,3059.0,66732.0,14614.0,11214.0,1016518.0
166.637,17912.079,5.7,111.9163,15022.7,320403.0,1094.0,1074.0,6.5,65853.0,10729.0,3059.0,66732.0,14614.0,11214.0,1016518.0
167.331,17773.661312006396,5.8,114.54633529941447,15094.0,320616.0,1059.0,1001.0,6.943503677745181,65853.0,10729.0,3059.0,66732.0,14614.0,11214.0,1016518.0
168.045,17877.50781439495,5.6,115.1958904379922,15170.9,320815.0,1072.0,1073.0,6.72530875181452,65853.0,10729.0,3059.0,66732.0,14614.0,11214.0,1016518.0
168.625,18063.529,5.7,113.9643,15230.8,320997.0,1049.0,1085.0,6.24,66347.0,10952.0,3270.0,67217.0,14874.0,11331.0,1051031.0
169.122,18014.250462979526,5.5,114.9429627595126,15313.3,321164.0,1127.0,886.0,6.1937010753354915,66347.0,10952.0,3270.0,67217.0,14874.0,11331.0,1051031.0
169.793,18044.874730569503,5.4,113.62247441278052,15314.2,321344.0,1072.0,960.0,6.177945995029619,66347.0,10952.0,3270.0,67217.0,14874.0,11331.0,1051031.0
170.293,18279.784,5.4,113.9126,15373.5,321538.0,1166.0,1190.0,5.82,66347.0,10952.0,3270.0,67217.0,14874.0,11331.0,1051031.0
170.875,18207.5494149781,5.6,118.6383513160616,15442.7,321740.0,1272.0,1079.0,5.840843500496719,66347.0,10952.0,3270.0,67217.0,14874.0,11331.0,1051031.0
171.475,18280.986875765462,5.3,121.27555214515925,15479.0,321954.0,1379.0,1205.0,5.33338117044079,66347.0,10952.0,3270.0,67217.0,14874.0,11331.0,1051031.0
172.145,18401.626,5.2,115.2132,15518.6,322186.0,1140.0,1146.0,5.39,66347.0,10952.0,3270.0,67217.0,14874.0,11331.0,1051031.0
172.93,18352.06815515908,5.1,115.98342692184471,15550.5,322427.0,1165.0,1130.0,5.75886499867619,66347.0,10952.0,3270.0,67217.0,14874.0,11331.0,1051031.0
173.82299999999998,18407.394507783778,5.0,115.50461838803957,15570.5,322670.0,1144.0,1224.0,5.663986876273173,66347.0,10952.0,3270.0,67217.0,14874.0,11331.0,1051031.0
174.787,18435.137,5.0,117.4416,15608.0,322901.0,1160.0,1058.0,5.11,66347.0,10952.0,3270.0,67217.0,14874.0,11331.0,1051031.0
175.733,18437.815279178,5.1,117.24687581924613,15615.4,323113.0,1244.0,1172.0,5.6751160433867245,66347.0,10952.0,3270.0,67217.0,14874.0,11331.0,1051031.0
176.537,18489.399618226475,5.0,116.4549059177294,15668.4,323318.0,1211.0,1146.0,5.727504058465827,66347.0,10952.0,3270.0,67217.0,14874.0,11331.0,1051031.0
177.262,18525.933,4.8,118.7811,15695.5,323509.0,1171.0,1092.0,4.78,66695.0,10708.0,3469.0,67450.0,14831.0,11387.0,1183505.0
177.64,18767.698352546548,4.9,118.63781973097548,15695.9,323687.0,1172.0,1225.0,4.811063880088291,66695.0,10708.0,3469.0,67450.0,14831.0,11387.0,1183505.0
178.15599999999998,18774.881314812956,5.0,117.07538550533343,15731.6,323871.0,1118.0,1111.0,5.134030471739791,66695.0,10708.0,3469.0,67450.0,14831.0,11387.0,1183505.0
178.757,18711.702,5.1,118.7286,15758.9,324061.0,1160.0,1163.0,4.59,66695.0,10708.0,3469.0,67450.0,14831.0,11387.0,1183505.0
179.419,18833.978631666483,4.8,118.83244258382297,15777.2,324260.0,1205.0,1148.0,4.861943685299828,66695.0,10708.0,3469.0,67450.0,14831.0,11387.0,1183505.0
180.08599999999998,18899.858069348502,4.9,118.98717862291835,15821.4,324476.0,1208.0,1203.0,4.8863653047746,66695.0,10708.0,3469.0,67450.0,14831.0,11387.0,1183505.0
180.846,18892.639,4.8,119.965,15891.5,324697.0,1198.0,1239.0,4.38,66695.0,10708.0,3469.0,67450.0,14831.0,11387.0,1183505.0
181.836,19010.127718248394,4.9,118.75395450999281,15931.3,324924.0,1201.0,1171.0,4.993634271748739,66695.0,10708.0,3469.0,67450.0,14831.0,11387.0,1183505.0
182.81,19044.432552516275,5.0,120.871022851862,15999.1,325155.0,1303.0,1068.0,5.015935083138025,66695.0,10708.0,3469.0,67450.0,14831.0,11387.0,1183505.0
183.739,19089.379,4.9,121.5719,16059.4,325368.0,1254.0,1313.0,4.14,66695.0,10708.0,3469.0,67450.0,14831.0,11387.0,1183505.0
184.748,19189.546997598507,4.7,119.46041012662874,16107.6,325562.0,1230.0,1140.0,4.923599993522963,66695.0,10708.0,3469.0,67450.0,14831.0,11387.0,1183505.0
185.711,19303.271971421735,4.7,120.33981054611866,16182.5,325742.0,1248.0,1252.0,4.775495757923579,66695.0,10708.0,3469.0,67450.0,14831.0,11387.0,1183505.0
186.793,19280.084,4.7,122.2383,16293.3,325901.0,1303.0,1190.0,3.91,67667.0,10891.0,3277.0,68082.0,14591.0,11642.0,1127167.0
187.311,19370.348161310314,4.6,126.74804918993598,16363.5,326050.0,1234.0,1271.0,4.232311723798459,67667.0,10891.0,3277.0,68082.0,14591.0,11642.0,1127167.0
187.989,19397.893785749435,4.4,127.48516822569505,16415.1,326207.0,1272.0,1190.0,4.144193033639793,67667.0,10891.0,3277.0,68082.0,14591.0,11642.0,1127167.0
188.719,19438.643,4.4,123.3065,16476.0,326371.0,1251.0,1146.0,3.68,67667.0,10891.0,3277.0,68082.0,14591.0,11642.0,1127167.0
189.607,19559.170786118262,4.4,126.41778498388729,16573.2,326548.0,1208.0,1157.0,4.327169532523994,67667.0,10891.0,3277.0,68082.0,14591.0,11642.0,1127167.0
190.514,19613.525988596415,4.3,129.8229277277068,16604.0,326743.0,1353.0,1249.0,3.915680531457623,67667.0,10891.0,3277.0,68082.0,14591.0,11642.0,1127167.0
191.46,19692.595,4.3,124.7077,16665.9,326939.0,1256.0,1206.0,3.64,67667.0,10891.0,3277.0,68082.0,14591.0,11642.0,1127167.0
192.647,19726.75502423329,4.4,129.03188758603156,16733.7,327140.0,1319.0,1159.0,4.1909691383339815,67667.0,10891.0,3277.0,68082.0,14591.0,11642.0,1127167.0
193.742,19850.784985943486,4.3,128.41060438259845,16841.9,327342.0,1273.0,1181.0,4.1980428547238215,67667.0,10891.0,3277.0,68082.0,14591.0,11642.0,1127167.0
194.788,20037.088,4.2,126.2222,16930.8,327528.0,1356.0,1257.0,3.57,67667.0,10891.0,3277.0,68082.0,14591.0,11642.0,1127167.0
195.941,20043.290223310538,4.2,129.65165040840535,16997.5,327699.0,1299.0,1273.0,4.007716240039505,67667.0,10891.0,3277.0,68082.0,14591.0,11642.0,1127167.0
197.161,20076.97563923484,4.1,129.83157128296162,17058.2,327848.0,1311.0,1177.0,4.046125699516429,67667.0,10891.0,3277.0,68082.0,14591.0,11642.0,1127167.0
198.302,20328.553,4.0,127.0584,17141.7,327969.0,1317.0,1299.0,3.48,67976.0,11060.0,3405.0,68530.0,14833.0,11691.0,1096611.0
199.229,20157.12663406632,4.1,127.91685665354206,17204.1,328085.0,1321.0,1277.0,3.457208885605878,67976.0,11060.0,3405.0,68530.0,14833.0,11691.0,1096611.0
199.967,20233.783882164502,4.0,129.659476626739,17268.2,328219.0,1385.0,1318.0,3.2361240796256237,67976.0,11060.0,3405.0,68530.0,14833.0,11691.0,1096611.0
200.661,20580.912,4.0,127.2066,17328.7,328364.0,1378.0,1276.0,3.22,67976.0,11060.0,3405.0,68530.0,14833.0,11691.0,1096611.0
201.424,20393.5435582542,3.8,129.08076624965568,17404.4,328521.0,1338.0,1357.0,3.172668266272778,67976.0,11060.0,3405.0,68530.0,14833.0,11691.0,1096611.0
202.236,20430.072000241704,4.0,129.08482234594308,17488.4,328692.0,1345.0,1192.0,3.492810087053888,67976.0,11060.0,3405.0,68530.0,14833.0,11691.0,1096611.0
202.907,20798.73,3.8,128.0468,17587.6,328863.0,1334.0,1208.0,2.99,67976.0,11060.0,3405.0,68530.0,14833.0,11691.0,1096611.0
203.659,20650.47390898921,3.8,128.25788387473384,17664.0,329040.0,1273.0,1288.0,3.4085420936417403,67976.0,11060.0,3405.0,68530.0,14833.0,11691.0,1096611.0
204.314,20668.991561498406,3.7,129.00673398701704,17693.5,329216.0,1314.0,1250.0,3.3379584185439466,67976.0,11060.0,3405.0,68530.0,14833.0,11691.0,1096611.0
205.077,20917.867,3.8,129.2451,17749.8,329379.0,1272.0,1221.0,2.83,67976.0,11060.0,3405.0,68530.0,14833.0,11691.0,1096611.0
205.65,20755.40209699807,3.8,129.58381191474453,17795.7,329527.0,1340.0,1181.0,3.468177973344586,67976.0,11060.0,3405.0,68530.0,14833.0,11691.0,1096611.0
206.141,20954.064651085482,3.9,129.98244746611672,18012.4,329659.0,1317.0,1095.0,3.64908872854525,67976.0,11060.0,3405.0,68530.0,14833.0,11691.0,1096611.0
206.536,21104.133,4.0,129.7742,18053.9,329766.0,1261.0,1226.0,2.69,68504.0,10655.0,3465.0,69254.0,14804.0,11412.0,1031765.0
206.862,21138.844200613352,3.8,136.61540326173414,18151.4,329862.0,1287.0,1121.0,2.239175678681301,68504.0,10655.0,3465.0,69254.0,14804.0,11412.0,1031765.0
207.083,21241.596610762175,3.8,137.5061042536232,18229.5,329977.0,1305.0,1191.0,2.1272377524776562,68504.0,10655.0,3465.0,69254.0,14804.0,11412.0,1031765.0
207.535,21384.775,3.7,129.4642,18262.1,330103.0,1311.0,1272.0,2.6,68504.0,10655.0,3465.0,69254.0,14804.0,11412.0,1031765.0
208.148,21323.91755547725,3.6,138.6099196446389,18277.0,330240.0,1347.0,1293.0,1.8390803381071041,68504.0,10655.0,3465.0,69254.0,14804.0,11412.0,1031765.0
208.642,21347.059653871518,3.6,137.7382279554857,18310.5,330393.0,1315.0,1243.0,1.977028929769988,68504.0,10655.0,3465.0,69254.0,14804.0,11412.0,1031765.0
209.247,21694.282,3.7,130.6581,18328.6,330553.0,1352.0,1240.0,2.44,68504.0,10655.0,3465.0,69254.0,14804.0,11412.0,1031765.0
210.028,21498.749567915882,3.6,142.19421765091258,18423.6,330729.0,1489.0,1375.0,1.536483995342893,68504.0,10655.0,3465.0,69254.0,14804.0,11412.0,1031765.0
210.838,21534.496864092765,3.5,141.74477995264292,18474.4,330904.0,1474.0,1311.0,1.5947620788244183,68504.0,10655.0,3465.0,69254.0,14804.0,11412.0,1031765.0
211.725,21902.39,3.6,132.3087,18549.5,331066.0,1525.0,1325.0,2.34,68504.0,10655.0,3465.0,69254.0,14804.0,11412.0,1031765.0
212.765,21709.480984445512,3.6,143.54647786396467,18630.7,331213.0,1527.0,1353.0,1.532615975122953,68504.0,10655.0,3465.0,69254.0,14804.0,11412.0,1031765.0
213.93400000000003,21729.70849011318,3.6,141.83378121466657,18583.8,331345.0,1451.0,1548.0,1.4816415911887422,68504.0,10655.0,3465.0,69254.0,14804.0,11412.0,1031765.0
215.032,21706.513,3.6,133.6476,18821.5,331443.0,1507.0,1578.0,2.35,68431.0,10667.0,3479.0,69341.0,14681.0,11267.0,707362.0
215.902,21846.924243589856,3.5,135.62625161422105,18925.6,331525.0,1442.0,1537.0,0.8032089485495337,68431.0,10667.0,3479.0,69341.0,14681.0,11267.0,707362.0
216.462,21407.674235816998,4.4,130.69751719449087,18577.4,331642.0,1358.0,1252.0,1.9744633368150222,68431.0,10667.0,3479.0,69341.0,14681.0,11267.0,707362.0
216.862,19913.143,14.8,135.4362,20750.9,331699.0,1066.0,931.0,2.54,68431.0,10667.0,3479.0,69341.0,14681.0,11267.0,707362.0
216.992,22683.773396525998,13.2,135.89150387988653,19877.2,331701.0,1260.0,1053.0,7.769849417323635,68431.0,10667.0,3479.0,69341.0,14681.0,11267.0,707362.0
217.576,22787.621753048214,11.0,138.36148724835803,19920.9,331744.0,1338.0,1254.0,5.97001029320402,68431.0,10667.0,3479.0,69341.0,14681.0,11267.0,707362.0
219.286,21647.64,10.2,138.2994,20191.5,331811.0,1546.0,1523.0,2.83,68431.0,10667.0,3479.0,69341.0,14681.0,11267.0,707362.0
222.267,22489.25522272767,8.4,140.82550218918882,19594.2,331885.0,1529.0,1401.0,3.8706140665913598,68431.0,10667.0,3479.0,69341.0,14681.0,11267.0,707362.0
225.727,22658.46786134973,7.8,143.93243441241648,19744.9,331966.0,1624.0,1463.0,3.215079194490281,68431.0,10667.0,3479.0,69341.0,14681.0,11267.0,707362.0
229.644,22024.502,6.8,143.1677,19758.5,332041.0,1613.0,1543.0,2.75,68431.0,10667.0,3479.0,69341.0,14681.0,11267.0,707362.0
233.212,22545.06167834803,6.7,145.19558192273738,19610.4,332079.0,1714.0,1553.0,2.2864348664841376,68431.0,10667.0,3479.0,69341.0,14681.0,11267.0,707362.0
236.532,22737.54102355968,6.7,147.11789467804502,19775.2,332062.0,1744.0,1635.0,2.093589622708601,68431.0,10667.0,3479.0,69341.0,14681.0,11267.0,707362.0
239.686,22600.185,6.4,146.1261,21760.9,332007.0,1883.0,1639.0,2.68,67544.0,10824.0,3582.0,68331.0,15085.0,11612.0,740002.0
242.44,22928.177284142,6.2,138.80767555832338,20254.0,331983.0,1715.0,1407.0,3.125229777920355,67544.0,10824.0,3582.0,68331.0,15085.0,11612.0,740002.0
245.554,27332.573180519885,6.1,165.71118833446556,24471.8,332023.0,1732.0,1668.0,1.7445688070963588,67544.0,10824.0,3582.0,68331.0,15085.0,11612.0,740002.0
249.124,23292.362,6.1,149.5001,21304.2,332089.0,1738.0,1492.0,2.48,67544.0,10824.0,3582.0,68331.0,15085.0,11612.0,740002.0
253.385,23657.90378866804,5.8,142.24419087486527,20899.7,332161.0,1681.0,1607.0,2.578893087722969,67544.0,10824.0,3582.0,68331.0,15085.0,11612.0,740002.0
258.248,23706.060925892394,5.9,141.86096608715914,20934.3,332249.0,1657.0,1638.0,2.659894354416311,67544.0,10824.0,3582.0,68331.0,15085.0,11612.0,740002.0
262.617,23828.973,5.4,153.558,21156.5,332375.0,1652.0,1600.0,2.29,67544.0,10824.0,3582.0,68331.0,15085.0,11612.0,740002.0
266.594,23969.324104402654,5.1,145.59889085375235,21207.3,332506.0,1770.0,1595.0,1.968199785122076,67544.0,10824.0,3582.0,68331.0,15085.0,11612.0,740002.0
270.175,23810.28524871098,4.7,141.12680373859442,21051.2,332610.0,1625.0,1563.0,2.071911710328793,67544.0,10824.0,3582.0,68331.0,15085.0,11612.0,740002.0
273.543,24654.603,4.5,157.3409,21201.4,332708.0,1719.0,1587.0,2.29,67544.0,10824.0,3582.0,68331.0,15085.0,11612.0,740002.0
277.26,24101.425843540736,4.1,145.8885157000714,21297.7,332806.0,1766.0,1704.0,1.237934114173024,67544.0,10824.0,3582.0,68331.0,15085.0,11612.0,740002.0
281.47,24166.631850786387,3.9,149.55520357141975,21352.9,332891.0,1913.0,1757.0,0.7776361158093241,67544.0,10824.0,3582.0,68331.0,15085.0,11612.0,740002.0
286.188,25029.116,4.0,160.8385,21294.8,332933.0,1915.0,1712.0,2.09,67851.0,10987.0,3704.0,68446.0,14641.0,11481.0,1018349.0
291.266,25012.46884053415,3.8,153.9900494283205,21426.2,332972.0,1860.0,1742.0,0.7956765824694099,67851.0,10987.0,3704.0,68446.0,14641.0,11481.0,1018349.0
296.538,25079.08666723367,3.6,154.6343083236062,21510.5,333067.0,1879.0,1678.0,0.7038410601060274,67851.0,10987.0,3704.0,68446.0,14641.0,11481.0,1018349.0
300.573,25544.273,3.7,160.6834,21581.3,333191.0,1835.0,1828.0,1.96,67851.0,10987.0,3704.0,68446.0,14641.0,11481.0,1018349.0
303.617,25200.701894312948,3.6,151.0410764477732,21657.1,333317.0,1712.0,1540.0,1.1858356177084755,67851.0,10987.0,3704.0,68446.0,14641.0,11481.0,1018349.0
304.478,25287.06393136878,3.6,152.10514089793026,21740.7,333451.0,1745.0,1542.0,1.1275410849620453,67851.0,10987.0,3704.0,68446.0,14641.0,11481.0,1018349.0
303.512,25994.639,3.5,157.5028,21910.5,333599.0,1719.0,1392.0,1.84,67851.0,10987.0,3704.0,68446.0,14641.0,11481.0,1018349.0
301.046,25588.84284731409,3.6,148.74088546693883,22024.3,333762.0,1542.0,1520.0,1.5202834460769932,67851.0,10987.0,3704.0,68446.0,14641.0,11481.0,1018349.0
299.02,25670.84173515946,3.5,150.57296195775564,22121.5,333925.0,1613.0,1470.0,1.389837650662356,67851.0,10987.0,3704.0,68446.0,14641.0,11481.0,1018349.0
298.61400000000003,26408.405,3.6,157.4051,22242.2,334071.0,1560.0,1440.0,1.79,67851.0,10987.0,3704.0,68446.0,14641.0,11481.0,1018349.0
298.339,25823.018589309428,3.6,146.15803730208563,22267.7,334206.0,1402.0,1420.0,1.9211569222068459,67851.0,10987.0,3704.0,68446.0,14641.0,11481.0,1018349.0
297.60900000000004,25845.660340850493,3.5,146.0062709767784,22312.3,334326.0,1400.0,1340.0,1.9652793809329534,67851.0,10987.0,3704.0,68446.0,14641.0,11481.0,1018349.0
297.461,26813.601,3.4,157.4829,22525.3,334433.0,1443.0,1361.0,1.74,68713.0,11082.0,3782.0,69044.0,14882.0,11328.0,1002615.8447115832
297.779,26519.94339050704,3.6,165.39735609019183,22648.4,334544.0,1620.0,1404.0,0.7625976680381292,68713.0,11082.0,3782.0,69044.0,14882.0,11328.0,1002616.6276060155
298.839,26622.823379742724,3.5,162.86641640025925,22757.9,334664.0,1493.0,1342.0,1.0022278653683703,68713.0,11082.0,3782.0,69044.0,14882.0,11328.0,1002672.8612922477
300.244,27063.012,3.4,157.2887,22806.1,334792.0,1470.0,1368.0,1.73,68713.0,11082.0,3782.0,69044.0,14882.0,11328.0,1002742.416615465
302.323,26822.076712585997,3.7,164.68840504137592,22876.6,334929.0,1532.0,1583.0,0.799516547354477,68713.0,11082.0,3782.0,69044.0,14882.0,11328.0,1002751.706155419
304.366,26820.195250825916,3.6,163.4354068864685,22921.4,335080.0,1493.0,1415.0,1.020477852232295,68713.0,11082.0,3782.0,69044.0,14882.0,11328.0,1002811.2596029424
306.474,27610.128,3.5,159.0537,22986.4,335248.0,1501.0,1473.0,1.72,68713.0,11082.0,3782.0,69044.0,14882.0,11328.0,1002913.1056081953
308.86400000000003,26963.362943537322,3.8,165.62089571139322,23094.5,335431.0,1578.0,1305.0,1.1446303797475643,68713.0,11082.0,3782.0,69044.0,14882.0,11328.0,1002931.522069872
310.92400000000004,27072.354334262425,3.8,164.57587534592503,23176.2,335612.0,1515.0,1363.0,1.2081958310378216,68713.0,11082.0,3782.0,69044.0,14882.0,11328.0,1002995.7267292314
312.772,27956.998,3.8,160.806,23189.4,335773.0,1534.0,1365.0,1.7,68713.0,11082.0,3782.0,69044.0,14882.0,11328.0,1003104.5380133337
313.658,27191.099307375935,3.7,164.72224785155743,23241.5,335925.0,1508.0,1510.0,1.0281268878628875,68713.0,11082.0,3782.0,69044.0,14882.0,11328.0,1003092.6229496599
314.42900000000003,27282.156186937093,3.7,165.58002475595688,23311.6,336070.0,1530.0,1568.0,0.9302518102953972,68713.0,11082.0,3782.0,69044.0,14882.0,11328.0,1003139.0049870367
315.78700000000003,28269.174,3.7,160.6163,23560.0,336194.0,1508.0,1376.0,1.71,68161.63139374746,11183.242814127278,3885.2559036506436,68610.1996535944,14730.106566691273,11297.114754471204,1003044.8134308595
317.332,27338.670941302877,3.9,147.0742803149505,23626.3,336306.0,1563.0,1546.0,1.5516178339628794,67557.57811614165,11044.976512410693,3939.149027136842,68220.10111660883,14722.088232127397,11512.615693108335,1002833.9541661482
318.308,27363.21508703007,3.8,145.0933238489262,23746.6,336423.0,1485.0,1299.0,1.8184181659997432,67632.91089049328,11044.598507661856,3932.4274127900408,68308.26211466308,14694.044332555906,11533.3444686352,1002923.7597414159
319.326,28629.153,3.9,144.35470800165328,23799.3,336550.0,1440.0,1377.0,1.73,67133.66911069416,11310.369959286156,4014.803823006181,67650.24998692455,14641.01020736742,11345.778591179058,1002825.3606964804
320.144,27552.47332704785,4.0,143.03808914214906,23898.0,336687.0,1399.0,1315.0,2.0712998384010177,67609.1265642064,11045.557452375015,3954.126381370189,68288.09978777205,14681.637085882718,11529.693042212348,1003014.0206757516
