DATE,HPI,GDP,UNEMPLOYMENT,PROPERTY_PRICE,PERSONAL INCOME,POPULATION,LISTING,PERMIT,NEW_HOMES,DELINQUENCY,Year,Men Married,Men Unmarried Divorced,Men Unmarried Widowed,Women Married,Women Unmarried Divorced,Women Unmarried Widowed,Immigrants
1987-01-01,63.965,4722.156,6.6,85.2524,3820.2,241857.0,,1690.0,1774.0,,1987,,,,,,,"5,99,889"
1987-02-01,64.423,,6.6,,3845.0,242005.0,,1689.0,1784.0,,1987,,,,,,,"5,99,889"
1987-03-01,64.735,,6.6,,3863.8,242166.0,,1704.0,1726.0,,1987,,,,,,,"5,99,889"
1987-04-01,65.131,4806.16,6.3,86.0896,3875.4,242338.0,,1601.0,1614.0,,1987,,,,,,,"5,99,889"
1987-05-01,65.563,,6.3,,3908.6,242516.0,,1500.0,1628.0,,1987,,,,,,,"5,99,889"
1987-06-01,66.071,,6.2,,3919.7,242706.0,,1522.0,1594.0,,1987,,,,,,,"5,99,889"
1987-07-01,66.508,4884.555,6.1,86.9421,3942.1,242908.0,,1516.0,1575.0,,1987,,,,,,,"5,99,889"
1987-08-01,66.938,,6.0,,3978.6,243118.0,,1511.0,1605.0,,1987,,,,,,,"5,99,889"
1987-09-01,67.331,,5.9,,3995.6,243335.0,,1514.0,1695.0,,1987,,,,,,,"5,99,889"
1987-10-01,67.73899999999999,5007.994,6.0,87.9304,4034.7,243543.0,,1447.0,1515.0,,1987,,,,,,,"5,99,889"
1987-11-01,68.108,,5.8,,4062.1,243724.0,,1457.0,1656.0,,1987,,,,,,,"5,99,889"
1987-12-01,68.505,,5.7,,4115.7,243895.0,,1345.0,1400.0,,1987,,,,,,,"5,99,889"
1988-01-01,68.857,5073.372,5.7,88.7984,4128.2,244056.0,,1244.0,1271.0,,1988,,,,,,,"6,41,346"
1988-02-01,69.26100000000001,,5.7,,4153.0,244205.0,,1438.0,1473.0,,1988,,,,,,,"6,41,346"
1988-03-01,69.637,,5.7,,4178.3,244362.0,,1525.0,1532.0,,1988,,,,,,,"6,41,346"
1988-04-01,69.976,5190.036,5.4,89.9367,4209.5,244528.0,,1429.0,1573.0,,1988,,,,,,,"6,41,346"
1988-05-01,70.426,,5.6,,4225.9,244708.0,,1444.0,1421.0,,1988,,,,,,,"6,41,346"
1988-06-01,70.889,,5.4,,4258.9,244914.0,,1485.0,1478.0,,1988,,,,,,,"6,41,346"
1988-07-01,71.355,5282.835,5.4,91.256,4298.8,245131.0,,1439.0,1467.0,,1988,,,,,,,"6,41,346"
1988-08-01,71.8,,5.6,,4323.0,245352.0,,1460.0,1493.0,,1988,,,,,,,"6,41,346"
1988-09-01,72.241,,5.4,,4352.5,245579.0,,1436.0,1492.0,,1988,,,,,,,"6,41,346"
1988-10-01,72.63600000000001,5399.509,5.4,92.5778,4391.1,245789.0,,1516.0,1522.0,,1988,,,,,,,"6,41,346"
1988-11-01,73.072,,5.3,,4402.5,245970.0,,1508.0,1569.0,,1988,,,,,,,"6,41,346"
1988-12-01,73.465,,5.3,,4438.6,246140.0,,1501.0,1563.0,,1988,,,,,,,"6,41,346"
1989-01-01,73.947,5511.253,5.4,93.6124,4501.5,246301.0,,1466.0,1621.0,,1989,,,,,,,"10,90,172"
1989-02-01,74.383,,5.2,,4529.6,246454.0,,1383.0,1425.0,,1989,,,,,,,"10,90,172"
1989-03-01,74.779,,5.0,,4570.2,246626.0,,1214.0,1422.0,,1989,,,,,,,"10,90,172"
1989-04-01,75.085,5612.463,5.2,93.5733,4582.5,246814.0,,1376.0,1339.0,,1989,,,,,,,"10,90,172"
1989-05-01,75.306,,5.2,,4579.4,247010.0,,1381.0,1331.0,,1989,,,,,,,"10,90,172"
1989-06-01,75.48,,5.3,,4602.2,247228.0,,1322.0,1397.0,,1989,,,,,,,"10,90,172"
1989-07-01,75.656,5695.365,5.2,94.1373,4628.5,247458.0,,1283.0,1427.0,,1989,,,,,,,"10,90,172"
1989-08-01,75.835,,5.2,,4639.1,247695.0,,1334.0,1332.0,,1989,,,,,,,"10,90,172"
1989-09-01,76.056,,5.3,,4662.3,247942.0,,1314.0,1279.0,,1989,,,,,,,"10,90,172"
1989-10-01,76.283,5747.237,5.3,94.7279,4703.0,248174.0,,1365.0,1410.0,,1989,,,,,,,"10,90,172"
1989-11-01,76.521,,5.4,,4718.1,248380.0,,1344.0,1351.0,,1989,,,,,,,"10,90,172"
1989-12-01,76.705,,5.4,,4735.7,248569.0,,1422.0,1251.0,,1989,,,,,,,"10,90,172"
1990-01-01,76.89699999999999,5872.701,5.4,94.0502,4783.8,248743.0,,1748.0,1551.0,,1990,"55,833","6,283","2,333","56,797","8,845","11,477","15,35,872"
1990-02-01,77.053,,5.3,,4819.8,248920.0,,1329.0,1437.0,,1990,"55,833","6,283","2,333","56,797","8,845","11,477","15,35,872"
1990-03-01,77.20100000000001,,5.2,,4842.7,249146.0,,1246.0,1289.0,,1990,"55,833","6,283","2,333","56,797","8,845","11,477","15,35,872"
1990-04-01,77.278,5960.028,5.4,93.2186,4883.8,249436.0,,1136.0,1248.0,,1990,"55,833","6,283","2,333","56,797","8,845","11,477","15,35,872"
1990-05-01,77.297,,5.4,,4889.5,249707.0,,1067.0,1212.0,,1990,"55,833","6,283","2,333","56,797","8,845","11,477","15,35,872"
1990-06-01,77.258,,5.2,,4919.3,249990.0,,1108.0,1177.0,,1990,"55,833","6,283","2,333","56,797","8,845","11,477","15,35,872"
1990-07-01,77.139,6015.116,5.5,91.4427,4948.2,250285.0,,1078.0,1171.0,,1990,"55,833","6,283","2,333","56,797","8,845","11,477","15,35,872"
1990-08-01,77.009,,5.7,,4949.9,250595.0,,1069.0,1115.0,,1990,"55,833","6,283","2,333","56,797","8,845","11,477","15,35,872"
1990-09-01,76.85,,5.9,,4978.6,250904.0,,976.0,1110.0,,1990,"55,833","6,283","2,333","56,797","8,845","11,477","15,35,872"
1990-10-01,76.699,6004.733,5.9,89.4855,4966.5,251201.0,,925.0,1014.0,,1990,"55,833","6,283","2,333","56,797","8,845","11,477","15,35,872"
1990-11-01,76.369,,6.2,,4973.5,251486.0,,941.0,1145.0,,1990,"55,833","6,283","2,333","56,797","8,845","11,477","15,35,872"
1990-12-01,76.184,,6.3,,5004.1,251758.0,,861.0,969.0,,1990,"55,833","6,283","2,333","56,797","8,845","11,477","15,35,872"
1991-01-01,75.915,6035.178,6.4,88.1239,4990.4,252012.0,,786.0,798.0,3.09,1991,,,,,,,"18,26,595"
1991-02-01,75.733,,6.6,,4997.1,252253.0,,853.0,965.0,,1991,,,,,,,"18,26,595"
1991-03-01,75.569,,6.8,,5005.8,252507.0,,911.0,921.0,,1991,,,,,,,"18,26,595"
1991-04-01,75.565,6126.862,6.7,88.2351,5034.3,252778.0,,916.0,1001.0,3.18,1991,,,,,,,"18,26,595"
1991-05-01,75.764,,6.9,,5055.9,253060.0,,991.0,996.0,,1991,,,,,,,"18,26,595"
1991-06-01,75.992,,6.9,,5090.8,253350.0,,964.0,1036.0,,1991,,,,,,,"18,26,595"
1991-07-01,76.081,6205.937,6.8,87.2432,5087.0,253650.0,,973.0,1063.0,3.22,1991,,,,,,,"18,26,595"
1991-08-01,76.108,,6.9,,5108.4,253966.0,,944.0,1049.0,,1991,,,,,,,"18,26,595"
1991-09-01,76.192,,6.9,,5141.5,254280.0,,974.0,1015.0,,1991,,,,,,,"18,26,595"
1991-10-01,76.074,6264.54,7.0,86.3059,5157.7,254576.0,,991.0,1079.0,3.28,1991,,,,,,,"18,26,595"
1991-11-01,76.012,,7.0,,5177.0,254841.0,,984.0,1103.0,,1991,,,,,,,"18,26,595"
1991-12-01,76.056,,7.3,,5233.0,255089.0,,1061.0,1079.0,,1991,,,,,,,"18,26,595"
1992-01-01,76.087,6363.102,7.3,85.9164,5264.8,255331.0,,1077.0,1176.0,3.12,1992,,,,,,,"9,73,445"
1992-02-01,76.156,,7.4,,5303.2,255576.0,,1146.0,1250.0,,1992,,,,,,,"9,73,445"
1992-03-01,76.27600000000001,,7.4,,5323.8,255848.0,,1082.0,1297.0,,1992,,,,,,,"9,73,445"
1992-04-01,76.345,6470.763,7.4,85.057,5357.4,256139.0,,1054.0,1099.0,3.06,1992,,,,,,,"9,73,445"
1992-05-01,76.398,,7.6,,5392.4,256437.0,,1056.0,1214.0,,1992,,,,,,,"9,73,445"
1992-06-01,76.332,,7.8,,5424.0,256742.0,,1057.0,1145.0,,1992,,,,,,,"9,73,445"
1992-07-01,76.263,6566.641,7.7,84.2302,5437.1,257063.0,,1089.0,1139.0,2.88,1992,,,,,,,"9,73,445"
1992-08-01,76.23,,7.6,,5465.1,257390.0,,1075.0,1226.0,,1992,,,,,,,"9,73,445"
1992-09-01,76.238,,7.6,,5452.8,257704.0,,1114.0,1186.0,,1992,,,,,,,"9,73,445"
1992-10-01,76.375,6680.803,7.3,83.8807,5444.9,258004.0,,1132.0,1244.0,2.79,1992,,,,,,,"9,73,445"
1992-11-01,76.557,,7.4,,5467.4,258280.0,,1118.0,1214.0,,1992,,,,,,,"9,73,445"
1992-12-01,76.67399999999999,,7.4,,5676.8,258546.0,,1176.0,1227.0,,1992,,,,,,,"9,73,445"
1993-01-01,76.78399999999999,6729.459,7.3,83.4095,5534.1,258799.0,,1177.0,1210.0,2.78,1993,"56,833","6,778","2,468","57,768","9,883","11,214","9,03,916"
1993-02-01,76.837,,7.1,,5568.0,259036.0,,1148.0,1210.0,,1993,"56,833","6,778","2,468","57,768","9,883","11,214","9,03,916"
1993-03-01,76.868,,7.0,,5565.0,259283.0,,1056.0,1083.0,,1993,"56,833","6,778","2,468","57,768","9,883","11,214","9,03,916"
1993-04-01,76.936,6808.939,7.1,83.1692,5621.8,259547.0,,1104.0,1258.0,2.67,1993,"56,833","6,778","2,468","57,768","9,883","11,214","9,03,916"
1993-05-01,77.038,,7.1,,5637.9,259822.0,,1112.0,1260.0,,1993,"56,833","6,778","2,468","57,768","9,883","11,214","9,03,916"
1993-06-01,77.243,,7.0,,5632.9,260109.0,,1130.0,1280.0,,1993,"56,833","6,778","2,468","57,768","9,883","11,214","9,03,916"
1993-07-01,77.43,6882.098,6.9,83.4042,5660.1,260411.0,,1174.0,1254.0,2.59,1993,"56,833","6,778","2,468","57,768","9,883","11,214","9,03,916"
1993-08-01,77.612,,6.8,,5682.0,260717.0,,1230.0,1300.0,,1993,"56,833","6,778","2,468","57,768","9,883","11,214","9,03,916"
1993-09-01,77.794,,6.7,,5675.1,261015.0,,1251.0,1343.0,,1993,"56,833","6,778","2,468","57,768","9,883","11,214","9,03,916"
1993-10-01,77.941,7013.738,6.8,83.5711,5669.1,261294.0,,1287.0,1392.0,2.44,1993,"56,833","6,778","2,468","57,768","9,883","11,214","9,03,916"
1993-11-01,78.14699999999999,,6.6,,5694.4,261550.0,,1357.0,1376.0,,1993,"56,833","6,778","2,468","57,768","9,883","11,214","9,03,916"
1993-12-01,78.325,,6.5,,5893.8,261796.0,,1461.0,1533.0,,1993,"56,833","6,778","2,468","57,768","9,883","11,214","9,03,916"
1994-01-01,78.59100000000001,7115.652,6.6,83.2658,5779.0,262021.0,,1390.0,1272.0,2.39,1994,"57,068","7,250","2,222","58,185","10,129","11,073","8,03,993"
1994-02-01,78.727,,6.6,,5798.0,262237.0,,1269.0,1337.0,,1994,"57,068","7,250","2,222","58,185","10,129","11,073","8,03,993"
1994-03-01,78.85600000000001,,6.5,,5829.4,262491.0,,1342.0,1564.0,,1994,"57,068","7,250","2,222","58,185","10,129","11,073","8,03,993"
1994-04-01,78.986,7246.931,6.4,83.2195,5890.5,262754.0,,1392.0,1465.0,2.26,1994,"57,068","7,250","2,222","58,185","10,129","11,073","8,03,993"
1994-05-01,79.222,,6.1,,5911.1,263014.0,,1396.0,1526.0,,1994,"57,068","7,250","2,222","58,185","10,129","11,073","8,03,993"
1994-06-01,79.422,,6.1,,5917.5,263294.0,,1357.0,1409.0,,1994,"57,068","7,250","2,222","58,185","10,129","11,073","8,03,993"
1994-07-01,79.594,7331.075,6.1,82.8818,5946.4,263580.0,,1335.0,1439.0,2.16,1994,"57,068","7,250","2,222","58,185","10,129","11,073","8,03,993"
1994-08-01,79.781,,6.0,,5968.7,263871.0,,1377.0,1450.0,,1994,"57,068","7,250","2,222","58,185","10,129","11,073","8,03,993"
1994-09-01,79.92,,5.9,,6001.5,264159.0,,1412.0,1474.0,,1994,"57,068","7,250","2,222","58,185","10,129","11,073","8,03,993"
1994-10-01,80.065,7455.288,5.8,82.8292,6065.3,264430.0,,1397.0,1450.0,2.06,1994,"57,068","7,250","2,222","58,185","10,129","11,073","8,03,993"
1994-11-01,80.15,,5.6,,6075.4,264681.0,,1340.0,1511.0,,1994,"57,068","7,250","2,222","58,185","10,129","11,073","8,03,993"
1994-12-01,80.296,,5.5,,6108.1,264924.0,,1396.0,1455.0,,1994,"57,068","7,250","2,222","58,185","10,129","11,073","8,03,993"
1995-01-01,80.426,7522.289,5.6,82.4352,6148.6,265157.0,,1282.0,1407.0,2.08,1995,"57,570","7,383","2,284","58,984","10,270","11,082","7,20,177"
1995-02-01,80.528,,5.4,,6173.3,265383.0,,1254.0,1316.0,,1995,"57,570","7,383","2,284","58,984","10,270","11,082","7,20,177"
1995-03-01,80.598,,5.4,,6200.3,265625.0,,1226.0,1249.0,,1995,"57,570","7,383","2,284","58,984","10,270","11,082","7,20,177"
1995-04-01,80.661,7580.997,5.8,82.24,6223.9,265877.0,,1259.0,1267.0,2.11,1995,"57,570","7,383","2,284","58,984","10,270","11,082","7,20,177"
1995-05-01,80.703,,5.6,,6238.3,266134.0,,1271.0,1314.0,,1995,"57,570","7,383","2,284","58,984","10,270","11,082","7,20,177"
1995-06-01,80.785,,5.6,,6267.4,266414.0,,1305.0,1281.0,,1995,"57,570","7,383","2,284","58,984","10,270","11,082","7,20,177"
1995-07-01,80.936,7683.125,5.7,82.61399999999999,6296.3,266700.0,,1354.0,1461.0,2.16,1995,"57,570","7,383","2,284","58,984","10,270","11,082","7,20,177"
1995-08-01,81.11,,5.7,,6319.0,266998.0,,1386.0,1416.0,,1995,"57,570","7,383","2,284","58,984","10,270","11,082","7,20,177"
1995-09-01,81.306,,5.6,,6347.7,267304.0,,1421.0,1369.0,,1995,"57,570","7,383","2,284","58,984","10,270","11,082","7,20,177"
1995-10-01,81.482,7772.586,5.5,82.6253,6373.5,267585.0,,1400.0,1369.0,2.17,1995,"57,570","7,383","2,284","58,984","10,270","11,082","7,20,177"
1995-11-01,81.619,,5.6,,6394.0,267829.0,,1430.0,1452.0,,1995,"57,570","7,383","2,284","58,984","10,270","11,082","7,20,177"
1995-12-01,81.736,,5.6,,6417.8,268047.0,,1442.0,1431.0,,1995,"57,570","7,383","2,284","58,984","10,270","11,082","7,20,177"
1996-01-01,81.834,7868.468,5.6,82.5863,6453.9,268258.0,,1387.0,1467.0,2.18,1996,"57,656","7,768","2,478","58,905","10,521","11,078","9,15,560"
1996-02-01,81.95299999999999,,5.5,,6517.8,268480.0,,1420.0,1491.0,,1996,"57,656","7,768","2,478","58,905","10,521","11,078","9,15,560"
1996-03-01,82.194,,5.5,,6560.4,268724.0,,1437.0,1424.0,,1996,"57,656","7,768","2,478","58,905","10,521","11,078","9,15,560"
1996-04-01,82.42,8032.84,5.6,82.3523,6597.3,268980.0,,1463.0,1516.0,2.26,1996,"57,656","7,768","2,478","58,905","10,521","11,078","9,15,560"
1996-05-01,82.61,,5.6,,6637.3,269247.0,,1457.0,1504.0,,1996,"57,656","7,768","2,478","58,905","10,521","11,078","9,15,560"
1996-06-01,82.75200000000001,,5.3,,6681.3,269527.0,,1429.0,1467.0,,1996,"57,656","7,768","2,478","58,905","10,521","11,078","9,15,560"
1996-07-01,82.928,8131.408,5.5,82.3726,6681.6,269822.0,,1450.0,1472.0,2.24,1996,"57,656","7,768","2,478","58,905","10,521","11,078","9,15,560"
1996-08-01,83.086,,5.1,,6709.4,270130.0,,1413.0,1557.0,,1996,"57,656","7,768","2,478","58,905","10,521","11,078","9,15,560"
1996-09-01,83.256,,5.2,,6747.4,270433.0,,1392.0,1475.0,,1996,"57,656","7,768","2,478","58,905","10,521","11,078","9,15,560"
1996-10-01,83.37700000000001,8259.771,5.2,82.2826,6768.8,270730.0,,1358.0,1392.0,2.34,1996,"57,656","7,768","2,478","58,905","10,521","11,078","9,15,560"
1996-11-01,83.552,,5.4,,6802.4,271002.0,,1412.0,1489.0,,1996,"57,656","7,768","2,478","58,905","10,521","11,078","9,15,560"
1996-12-01,83.721,,5.4,,6836.6,271243.0,,1411.0,1370.0,,1996,"57,656","7,768","2,478","58,905","10,521","11,078","9,15,560"
1997-01-01,83.955,8362.655,5.3,82.4067,6884.8,271472.0,,1382.0,1355.0,2.3,1997,"57,923","8,231","2,690","58,829","11,116","11,058","7,97,847"
1997-02-01,84.18,,5.2,,6920.9,271703.0,,1445.0,1486.0,,1997,"57,923","8,231","2,690","58,829","11,116","11,058","7,97,847"
1997-03-01,84.45100000000001,,5.2,,6960.8,271952.0,,1436.0,1457.0,,1997,"57,923","8,231","2,690","58,829","11,116","11,058","7,97,847"
1997-04-01,84.62200000000001,8518.825,5.1,82.9084,6972.8,272213.0,,1421.0,1492.0,2.28,1997,"57,923","8,231","2,690","58,829","11,116","11,058","7,97,847"
1997-05-01,84.861,,4.9,,7001.3,272482.0,,1414.0,1442.0,,1997,"57,923","8,231","2,690","58,829","11,116","11,058","7,97,847"
1997-06-01,85.081,,5.0,,7035.8,272767.0,,1402.0,1494.0,,1997,"57,923","8,231","2,690","58,829","11,116","11,058","7,97,847"
1997-07-01,85.331,8662.823,4.9,83.6039,7071.7,273074.0,,1440.0,1437.0,2.26,1997,"57,923","8,231","2,690","58,829","11,116","11,058","7,97,847"
1997-08-01,85.573,,4.8,,7119.4,273395.0,,1449.0,1390.0,,1997,"57,923","8,231","2,690","58,829","11,116","11,058","7,97,847"
1997-09-01,85.85,,4.9,,7158.1,273703.0,,1494.0,1546.0,,1997,"57,923","8,231","2,690","58,829","11,116","11,058","7,97,847"
1997-10-01,86.147,8765.907,4.7,84.5486,7205.1,273989.0,,1499.0,1520.0,2.2,1997,"57,923","8,231","2,690","58,829","11,116","11,058","7,97,847"
1997-11-01,86.632,,4.6,,7257.0,274249.0,,1469.0,1510.0,,1997,"57,923","8,231","2,690","58,829","11,116","11,058","7,97,847"
1997-12-01,87.09200000000001,,4.7,,7300.0,274499.0,,1456.0,1566.0,,1997,"57,923","8,231","2,690","58,829","11,116","11,058","7,97,847"
1998-01-01,87.615,8866.48,4.6,86.0117,7368.9,274732.0,,1555.0,1525.0,2.2,1998,"58,633","8,331","2,569","59,333","11,093","11,029","6,53,206"
1998-02-01,88.00200000000001,,4.6,,7416.5,274943.0,,1647.0,1584.0,,1998,"58,633","8,331","2,569","59,333","11,093","11,029","6,53,206"
1998-03-01,88.44200000000001,,4.7,,7464.0,275175.0,,1605.0,1567.0,,1998,"58,633","8,331","2,569","59,333","11,093","11,029","6,53,206"
1998-04-01,88.87799999999999,8969.699,4.3,86.7112,7501.7,275434.0,,1547.0,1540.0,2.12,1998,"58,633","8,331","2,569","59,333","11,093","11,029","6,53,206"
1998-05-01,89.36399999999999,,4.4,,7547.0,275700.0,,1554.0,1536.0,,1998,"58,633","8,331","2,569","59,333","11,093","11,029","6,53,206"
1998-06-01,89.845,,4.5,,7584.4,275976.0,,1551.0,1641.0,,1998,"58,633","8,331","2,569","59,333","11,093","11,029","6,53,206"
1998-07-01,90.31,9121.097,4.5,87.9125,7616.9,276266.0,,1610.0,1698.0,2.09,1998,"58,633","8,331","2,569","59,333","11,093","11,029","6,53,206"
1998-08-01,90.785,,4.5,,7656.2,276566.0,,1654.0,1614.0,,1998,"58,633","8,331","2,569","59,333","11,093","11,029","6,53,206"
1998-09-01,91.258,,4.6,,7678.1,276859.0,,1577.0,1582.0,,1998,"58,633","8,331","2,569","59,333","11,093","11,029","6,53,206"
1998-10-01,91.717,9293.991,4.5,89.2806,7708.8,277140.0,,1719.0,1715.0,2.03,1998,"58,633","8,331","2,569","59,333","11,093","11,029","6,53,206"
1998-11-01,92.199,,4.4,,7745.7,277402.0,,1672.0,1660.0,,1998,"58,633","8,331","2,569","59,333","11,093","11,029","6,53,206"
1998-12-01,92.712,,4.4,,7771.8,277658.0,,1742.0,1792.0,,1998,"58,633","8,331","2,569","59,333","11,093","11,029","6,53,206"
1999-01-01,93.208,9411.682,4.3,90.3018,7813.1,277891.0,,1732.0,1748.0,1.94,1999,"59,039","8,556","2,542","60,001","11,162","10,944","6,44,787"
1999-02-01,93.672,,4.4,,7840.9,278095.0,,1720.0,1670.0,,1999,"59,039","8,556","2,542","60,001","11,162","10,944","6,44,787"
1999-03-01,94.217,,4.2,,7855.9,278324.0,,1665.0,1710.0,,1999,"59,039","8,556","2,542","60,001","11,162","10,944","6,44,787"
1999-04-01,94.785,9526.21,4.3,91.2066,7871.1,278584.0,,1600.0,1553.0,1.88,1999,"59,039","8,556","2,542","60,001","11,162","10,944","6,44,787"
1999-05-01,95.344,,4.2,,7894.2,278859.0,,1640.0,1611.0,,1999,"59,039","8,556","2,542","60,001","11,162","10,944","6,44,787"
1999-06-01,95.975,,4.3,,7925.1,279148.0,,1702.0,1559.0,,1999,"59,039","8,556","2,542","60,001","11,162","10,944","6,44,787"
1999-07-01,96.591,9686.626,4.3,92.4138,7965.8,279448.0,,1682.0,1669.0,2.15,1999,"59,039","8,556","2,542","60,001","11,162","10,944","6,44,787"
1999-08-01,97.219,,4.2,,8016.9,279752.0,,1671.0,1648.0,,1999,"59,039","8,556","2,542","60,001","11,162","10,944","6,44,787"
1999-09-01,97.862,,4.2,,8041.2,280053.0,,1551.0,1635.0,,1999,"59,039","8,556","2,542","60,001","11,162","10,944","6,44,787"
1999-10-01,98.522,9900.169,4.1,93.8233,8102.4,280337.0,,1649.0,1608.0,1.99,1999,"59,039","8,556","2,542","60,001","11,162","10,944","6,44,787"
1999-11-01,99.154,,4.1,,8165.3,280594.0,,1672.0,1648.0,,1999,"59,039","8,556","2,542","60,001","11,162","10,944","6,44,787"
1999-12-01,99.844,,4.0,,8251.2,280846.0,,1683.0,1708.0,,1999,"59,039","8,556","2,542","60,001","11,162","10,944","6,44,787"
2000-01-01,100.551,10002.179,4.0,95.1931,8348.0,281083.0,,1727.0,1636.0,1.95,2000,"59,684","8,572","2,604","60,527","11,309","11,061","8,41,002"
2000-02-01,101.339,,4.1,,8408.8,281299.0,,1692.0,1737.0,,2000,"59,684","8,572","2,604","60,527","11,309","11,061","8,41,002"
2000-03-01,102.127,,4.0,,8468.3,281531.0,,1651.0,1604.0,,2000,"59,684","8,572","2,604","60,527","11,309","11,061","8,41,002"
2000-04-01,102.922,10247.72,3.8,96.6309,8506.8,281763.0,,1597.0,1626.0,1.98,2000,"59,684","8,572","2,604","60,527","11,309","11,061","8,41,002"
2000-05-01,103.677,,4.0,,8544.5,281996.0,,1543.0,1575.0,,2000,"59,684","8,572","2,604","60,527","11,309","11,061","8,41,002"
2000-06-01,104.424,,4.0,,8597.8,282247.0,,1572.0,1559.0,,2000,"59,684","8,572","2,604","60,527","11,309","11,061","8,41,002"
2000-07-01,105.054,10318.165,4.0,97.9506,8665.3,282504.0,,1542.0,1463.0,2.09,2000,"59,684","8,572","2,604","60,527","11,309","11,061","8,41,002"
2000-08-01,105.768,,4.1,,8712.2,282769.0,,1552.0,1541.0,,2000,"59,684","8,572","2,604","60,527","11,309","11,061","8,41,002"
2000-09-01,106.538,,3.9,,8757.7,283033.0,,1570.0,1507.0,,2000,"59,684","8,572","2,604","60,527","11,309","11,061","8,41,002"
2000-10-01,107.382,10435.744,3.9,99.6332,8792.1,283285.0,,1577.0,1549.0,2.23,2000,"59,684","8,572","2,604","60,527","11,309","11,061","8,41,002"
2000-11-01,108.302,,3.9,,8809.9,283523.0,,1614.0,1551.0,,2000,"59,684","8,572","2,604","60,527","11,309","11,061","8,41,002"
2000-12-01,109.142,,3.9,,8844.0,283748.0,,1543.0,1532.0,,2000,"59,684","8,572","2,604","60,527","11,309","11,061","8,41,002"
2001-01-01,109.846,10470.231,4.2,101.0479,8940.9,283960.0,,1699.0,1600.0,2.34,2001,"61,209","8,758","2,540","61,889","11,980","11,526","10,58,902"
2001-02-01,110.501,,4.2,,8975.8,284166.0,,1656.0,1625.0,,2001,"61,209","8,758","2,540","61,889","11,980","11,526","10,58,902"
2001-03-01,111.108,,4.3,,9009.4,284380.0,,1659.0,1590.0,,2001,"61,209","8,758","2,540","61,889","11,980","11,526","10,58,902"
2001-04-01,111.652,10599.0,4.4,101.7624,9008.9,284602.0,,1666.0,1649.0,2.41,2001,"61,209","8,758","2,540","61,889","11,980","11,526","10,58,902"
2001-05-01,112.164,,4.3,,9011.1,284834.0,,1665.0,1605.0,,2001,"61,209","8,758","2,540","61,889","11,980","11,526","10,58,902"
2001-06-01,112.797,,4.5,,9017.1,285076.0,,1626.0,1636.0,,2001,"61,209","8,758","2,540","61,889","11,980","11,526","10,58,902"
2001-07-01,113.491,10598.02,4.6,103.559,9014.6,285324.0,,1598.0,1670.0,2.19,2001,"61,209","8,758","2,540","61,889","11,980","11,526","10,58,902"
2001-08-01,114.167,,4.9,,9001.4,285584.0,,1615.0,1567.0,,2001,"61,209","8,758","2,540","61,889","11,980","11,526","10,58,902"
2001-09-01,114.812,,5.0,,8975.3,285842.0,,1565.0,1562.0,,2001,"61,209","8,758","2,540","61,889","11,980","11,526","10,58,902"
2001-10-01,115.31,10660.465,5.3,105.5555,8987.3,286086.0,,1566.0,1540.0,2.26,2001,"61,209","8,758","2,540","61,889","11,980","11,526","10,58,902"
2001-11-01,115.857,,5.5,,8985.1,286315.0,,1651.0,1602.0,,2001,"61,209","8,758","2,540","61,889","11,980","11,526","10,58,902"
2001-12-01,116.455,,5.7,,8990.7,286533.0,,1680.0,1568.0,,2001,"61,209","8,758","2,540","61,889","11,980","11,526","10,58,902"
2002-01-01,117.143,10783.5,5.7,107.0951,9015.6,286739.0,,1665.0,1698.0,2.24,2002,"61,268","8,686","2,636","62,102","12,268","11,408","10,59,356"
2002-02-01,117.844,,5.7,,9031.9,286935.0,,1787.0,1829.0,,2002,"61,268","8,686","2,636","62,102","12,268","11,408","10,59,356"
2002-03-01,118.687,,5.7,,9050.7,287131.0,,1691.0,1642.0,,2002,"61,268","8,686","2,636","62,102","12,268","11,408","10,59,356"
2002-04-01,119.611,10887.46,5.9,108.7006,9099.9,287343.0,,1669.0,1592.0,2.16,2002,"61,268","8,686","2,636","62,102","12,268","11,408","10,59,356"
2002-05-01,120.724,,5.8,,9131.0,287571.0,,1716.0,1764.0,,2002,"61,268","8,686","2,636","62,102","12,268","11,408","10,59,356"
2002-06-01,121.813,,5.8,,9164.8,287808.0,,1758.0,1717.0,,2002,"61,268","8,686","2,636","62,102","12,268","11,408","10,59,356"
2002-07-01,122.888,10984.04,5.8,111.014,9157.5,288051.0,,1738.0,1655.0,2.1,2002,"61,268","8,686","2,636","62,102","12,268","11,408","10,59,356"
2002-08-01,123.831,,5.7,,9175.3,288303.0,,1695.0,1633.0,,2002,"61,268","8,686","2,636","62,102","12,268","11,408","10,59,356"
2002-09-01,124.78,,5.7,,9197.1,288554.0,,1803.0,1804.0,,2002,"61,268","8,686","2,636","62,102","12,268","11,408","10,59,356"
2002-10-01,125.735,11061.433,5.7,112.9126,9229.6,288794.0,,1799.0,1648.0,2.0,2002,"61,268","8,686","2,636","62,102","12,268","11,408","10,59,356"
2002-11-01,126.67,,5.9,,9258.8,289012.0,,1771.0,1753.0,,2002,"61,268","8,686","2,636","62,102","12,268","11,408","10,59,356"
2002-12-01,127.624,,6.0,,9288.3,289214.0,,1896.0,1788.0,,2002,"61,268","8,686","2,636","62,102","12,268","11,408","10,59,356"
2003-01-01,128.461,11174.129,5.8,114.0557,9290.1,289412.0,,1808.0,1853.0,1.97,2003,"62,142","8,976","2,697","62,892","12,673","11,297","7,03,542"
2003-02-01,129.356,,5.9,,9296.2,289606.0,,1854.0,1629.0,,2003,"62,142","8,976","2,697","62,892","12,673","11,297","7,03,542"
2003-03-01,130.148,,5.9,,9333.8,289809.0,,1757.0,1726.0,,2003,"62,142","8,976","2,697","62,892","12,673","11,297","7,03,542"
2003-04-01,130.885,11312.766,6.0,116.0826,9356.4,290024.0,,1803.0,1643.0,1.83,2003,"62,142","8,976","2,697","62,892","12,673","11,297","7,03,542"
2003-05-01,131.735,,6.1,,9414.4,290250.0,,1835.0,1751.0,,2003,"62,142","8,976","2,697","62,892","12,673","11,297","7,03,542"
2003-06-01,132.649,,6.3,,9455.3,290484.0,,1875.0,1867.0,,2003,"62,142","8,976","2,697","62,892","12,673","11,297","7,03,542"
2003-07-01,133.77700000000002,11566.669,6.2,118.8857,9491.6,290726.0,,1885.0,1897.0,1.73,2003,"62,142","8,976","2,697","62,892","12,673","11,297","7,03,542"
2003-08-01,134.968,,6.1,,9538.8,290974.0,,1966.0,1833.0,,2003,"62,142","8,976","2,697","62,892","12,673","11,297","7,03,542"
2003-09-01,136.29399999999998,,6.1,,9582.5,291222.0,,1961.0,1939.0,,2003,"62,142","8,976","2,697","62,892","12,673","11,297","7,03,542"
2003-10-01,137.532,11772.234,6.0,122.7856,9620.4,291463.0,,2012.0,1967.0,1.76,2003,"62,142","8,976","2,697","62,892","12,673","11,297","7,03,542"
2003-11-01,138.795,,5.8,,9688.2,291677.0,,1918.0,2083.0,,2003,"62,142","8,976","2,697","62,892","12,673","11,297","7,03,542"
2003-12-01,140.18,,5.7,,9713.2,291868.0,,1987.0,2057.0,,2003,"62,142","8,976","2,697","62,892","12,673","11,297","7,03,542"
2004-01-01,141.64700000000002,11923.447,5.7,125.8305,9731.8,292046.0,,1952.0,1911.0,1.65,2004,"62,535","8,980","2,648","63,345","12,829","11,146","9,57,883"
2004-02-01,143.192,,5.6,,9765.4,292230.0,,1966.0,1846.0,,2004,"62,535","8,980","2,648","63,345","12,829","11,146","9,57,883"
2004-03-01,145.058,,5.8,,9815.8,292434.0,,2066.0,1998.0,,2004,"62,535","8,980","2,648","63,345","12,829","11,146","9,57,883"
2004-04-01,146.592,12112.815,5.6,129.0036,9865.8,292651.0,,2070.0,2003.0,1.6,2004,"62,535","8,980","2,648","63,345","12,829","11,146","9,57,883"
2004-05-01,148.186,,5.6,,9950.0,292872.0,,2150.0,1981.0,,2004,"62,535","8,980","2,648","63,345","12,829","11,146","9,57,883"
2004-06-01,149.851,,5.6,,9988.4,293103.0,,2020.0,1828.0,,2004,"62,535","8,980","2,648","63,345","12,829","11,146","9,57,883"
2004-07-01,151.338,12305.307,5.5,132.9186,10033.0,293350.0,,2112.0,2002.0,1.56,2004,"62,535","8,980","2,648","63,345","12,829","11,146","9,57,883"
2004-08-01,152.634,,5.4,,10078.2,293603.0,,2056.0,2024.0,,2004,"62,535","8,980","2,648","63,345","12,829","11,146","9,57,883"
2004-09-01,154.18,,5.4,,10110.5,293857.0,,2041.0,1905.0,,2004,"62,535","8,980","2,648","63,345","12,829","11,146","9,57,883"
2004-10-01,155.752,12527.214,5.5,137.1175,10159.3,294104.0,,2097.0,2072.0,1.41,2004,"62,535","8,980","2,648","63,345","12,829","11,146","9,57,883"
2004-11-01,157.528,,5.4,,10171.5,294337.0,,2079.0,1782.0,,2004,"62,535","8,980","2,648","63,345","12,829","11,146","9,57,883"
2004-12-01,159.33100000000002,,5.4,,10520.8,294561.0,,2082.0,2042.0,,2004,"62,535","8,980","2,648","63,345","12,829","11,146","9,57,883"
2005-01-01,161.289,12767.286,5.3,141.8573,10247.0,294768.0,,2139.0,2144.0,1.42,2005,"63,241","9,258","2,725","63,901","13,003","11,112","11,22,257"
2005-02-01,163.344,,5.4,,10282.7,294955.0,,2114.0,2207.0,,2005,"63,241","9,258","2,725","63,901","13,003","11,112","11,22,257"
2005-03-01,165.813,,5.2,,10347.9,295149.0,,2062.0,1864.0,,2005,"63,241","9,258","2,725","63,901","13,003","11,112","11,22,257"
2005-04-01,167.502,12922.656,5.2,145.5037,10412.1,295359.0,,2150.0,2061.0,1.55,2005,"63,241","9,258","2,725","63,901","13,003","11,112","11,22,257"
2005-05-01,169.351,,5.1,,10464.1,295582.0,,2085.0,2025.0,,2005,"63,241","9,258","2,725","63,901","13,003","11,112","11,22,257"
2005-06-01,171.19099999999997,,5.0,,10498.0,295824.0,,2178.0,2068.0,,2005,"63,241","9,258","2,725","63,901","13,003","11,112","11,22,257"
2005-07-01,172.86,13142.642,5.0,148.738,10558.3,296077.0,,2203.0,2054.0,1.59,2005,"63,241","9,258","2,725","63,901","13,003","11,112","11,22,257"
2005-08-01,174.442,,4.9,,10619.6,296338.0,,2219.0,2095.0,,2005,"63,241","9,258","2,725","63,901","13,003","11,112","11,22,257"
2005-09-01,176.437,,5.0,,10687.7,296606.0,,2263.0,2151.0,,2005,"63,241","9,258","2,725","63,901","13,003","11,112","11,22,257"
2005-10-01,178.02700000000002,13324.204,5.0,152.0541,10767.3,296857.0,,2170.0,2065.0,1.64,2005,"63,241","9,258","2,725","63,901","13,003","11,112","11,22,257"
2005-11-01,179.68,,5.0,,10815.4,297089.0,,2218.0,2147.0,,2005,"63,241","9,258","2,725","63,901","13,003","11,112","11,22,257"
2005-12-01,180.91,,4.9,,10853.1,297311.0,,2120.0,1994.0,,2005,"63,241","9,258","2,725","63,901","13,003","11,112","11,22,257"
2006-01-01,182.32,13599.16,4.7,154.0211,11038.6,297526.0,,2212.0,2273.0,1.61,2006,"63,683","9,679","2,624","64,121","13,127","11,290","12,66,129"
2006-02-01,183.287,,4.8,,11102.6,297734.0,,2141.0,2119.0,,2006,"63,683","9,679","2,624","64,121","13,127","11,290","12,66,129"
2006-03-01,184.365,,4.7,,11171.8,297950.0,,2118.0,1969.0,,2006,"63,683","9,679","2,624","64,121","13,127","11,290","12,66,129"
2006-04-01,184.328,13753.424,4.7,150.3991,11229.5,298170.0,,1998.0,1821.0,1.62,2006,"63,683","9,679","2,624","64,121","13,127","11,290","12,66,129"
2006-05-01,184.155,,4.6,,11251.1,298401.0,,1905.0,1942.0,,2006,"63,683","9,679","2,624","64,121","13,127","11,290","12,66,129"
2006-06-01,183.507,,4.6,,11292.8,298653.0,,1867.0,1802.0,,2006,"63,683","9,679","2,624","64,121","13,127","11,290","12,66,129"
2006-07-01,183.066,13870.188,4.7,148.3941,11322.1,298910.0,,1763.0,1737.0,1.74,2006,"63,683","9,679","2,624","64,121","13,127","11,290","12,66,129"
2006-08-01,182.593,,4.7,,11346.8,299178.0,,1722.0,1650.0,,2006,"63,683","9,679","2,624","64,121","13,127","11,290","12,66,129"
2006-09-01,182.798,,4.5,,11383.9,299452.0,,1655.0,1720.0,,2006,"63,683","9,679","2,624","64,121","13,127","11,290","12,66,129"
2006-10-01,183.197,14039.56,4.4,149.6481,11417.8,299710.0,,1570.0,1491.0,1.92,2006,"63,683","9,679","2,624","64,121","13,127","11,290","12,66,129"
2006-11-01,183.608,,4.5,,11479.3,299950.0,,1535.0,1570.0,,2006,"63,683","9,679","2,624","64,121","13,127","11,290","12,66,129"
2006-12-01,184.138,,4.4,,11587.6,300178.0,,1638.0,1649.0,,2006,"63,683","9,679","2,624","64,121","13,127","11,290","12,66,129"
2007-01-01,184.516,14215.651,4.6,146.69899999999998,11647.1,300398.0,,1626.0,1409.0,2.08,2007,"64,656","9,633","2,695","65,202","13,218","11,211","10,52,415"
2007-02-01,184.598,,4.5,,11734.2,300608.0,,1598.0,1480.0,,2007,"64,656","9,633","2,695","65,202","13,218","11,211","10,52,415"
2007-03-01,184.15,,4.4,,11821.4,300823.0,,1596.0,1495.0,,2007,"64,656","9,633","2,695","65,202","13,218","11,211","10,52,415"
2007-04-01,183.01,14402.082,4.5,139.716,11868.1,301045.0,,1470.0,1490.0,2.29,2007,"64,656","9,633","2,695","65,202","13,218","11,211","10,52,415"
2007-05-01,181.6,,4.4,,11908.7,301278.0,,1493.0,1415.0,,2007,"64,656","9,633","2,695","65,202","13,218","11,211","10,52,415"
2007-06-01,180.253,,4.6,,11929.2,301528.0,,1407.0,1448.0,,2007,"64,656","9,633","2,695","65,202","13,218","11,211","10,52,415"
2007-07-01,179.11,14564.117,4.7,135.4663,11955.7,301790.0,,1361.0,1354.0,2.71,2007,"64,656","9,633","2,695","65,202","13,218","11,211","10,52,415"
2007-08-01,178.116,,4.6,,11963.1,302064.0,,1321.0,1330.0,,2007,"64,656","9,633","2,695","65,202","13,218","11,211","10,52,415"
2007-09-01,177.55700000000002,,4.7,,12025.5,302334.0,,1261.0,1183.0,,2007,"64,656","9,633","2,695","65,202","13,218","11,211","10,52,415"
2007-10-01,176.623,14715.058,4.7,130.22899999999998,12046.8,302590.0,,1192.0,1264.0,3.1,2007,"64,656","9,633","2,695","65,202","13,218","11,211","10,52,415"
2007-11-01,175.146,,4.7,,12102.8,302834.0,,1224.0,1197.0,,2007,"64,656","9,633","2,695","65,202","13,218","11,211","10,52,415"
2007-12-01,174.34099999999998,,5.0,,12182.7,303062.0,,1149.0,1037.0,,2007,"64,656","9,633","2,695","65,202","13,218","11,211","10,52,415"
2008-01-01,173.13099999999997,14706.538,5.0,123.7026,12227.8,303280.0,,1094.0,1084.0,3.68,2008,"64,217","9,782","2,916","64,638","13,564","11,398","11,07,126"
2008-02-01,171.53900000000002,,4.9,,12264.9,303494.0,,1014.0,1103.0,,2008,"64,217","9,782","2,916","64,638","13,564","11,398","11,07,126"
2008-03-01,170.05200000000002,,5.1,,12314.7,303707.0,,967.0,1005.0,,2008,"64,217","9,782","2,916","64,638","13,564","11,398","11,07,126"
2008-04-01,168.33700000000002,14865.701,5.0,115.5133,12302.6,303926.0,,1008.0,1013.0,4.36,2008,"64,217","9,782","2,916","64,638","13,564","11,398","11,07,126"
2008-05-01,166.658,,5.4,,12879.3,304157.0,,995.0,973.0,,2008,"64,217","9,782","2,916","64,638","13,564","11,398","11,07,126"
2008-06-01,165.016,,5.6,,12661.0,304396.0,,1180.0,1046.0,,2008,"64,217","9,782","2,916","64,638","13,564","11,398","11,07,126"
2008-07-01,163.564,14898.999,5.8,109.1051,12514.8,304646.0,,921.0,923.0,5.28,2008,"64,217","9,782","2,916","64,638","13,564","11,398","11,07,126"
2008-08-01,161.986,,6.1,,12426.0,304903.0,,858.0,844.0,,2008,"64,217","9,782","2,916","64,638","13,564","11,398","11,07,126"
2008-09-01,160.30700000000002,,6.1,,12445.0,305158.0,,797.0,820.0,,2008,"64,217","9,782","2,916","64,638","13,564","11,398","11,07,126"
2008-10-01,158.326,14608.209,6.5,106.4901,12446.5,305403.0,,736.0,777.0,6.58,2008,"64,217","9,782","2,916","64,638","13,564","11,398","11,07,126"
2008-11-01,156.141,,6.8,,12387.1,305620.0,,626.0,652.0,,2008,"64,217","9,782","2,916","64,638","13,564","11,398","11,07,126"
2008-12-01,153.618,,7.3,,12238.5,305827.0,,554.0,560.0,,2008,"64,217","9,782","2,916","64,638","13,564","11,398","11,07,126"
2009-01-01,151.506,14430.902,7.8,103.9323,12125.6,306035.0,,545.0,490.0,8.01,2009,"64,842","9,958","2,813","65,604","13,308","11,441","11,30,818"
2009-02-01,150.014,,8.3,,12007.4,306237.0,,558.0,582.0,,2009,"64,842","9,958","2,813","65,604","13,308","11,441","11,30,818"
2009-03-01,148.659,,8.7,,11965.3,306438.0,,513.0,505.0,,2009,"64,842","9,958","2,813","65,604","13,308","11,441","11,30,818"
2009-04-01,147.947,14381.236,9.0,102.864,12009.4,306645.0,,521.0,478.0,8.57,2009,"64,842","9,958","2,813","65,604","13,308","11,441","11,30,818"
2009-05-01,147.69299999999998,,9.4,,12179.6,306863.0,,556.0,540.0,,2009,"64,842","9,958","2,813","65,604","13,308","11,441","11,30,818"
2009-06-01,148.088,,9.5,,12042.9,307090.0,,601.0,585.0,,2009,"64,842","9,958","2,813","65,604","13,308","11,441","11,30,818"
2009-07-01,148.408,14448.882,9.5,102.4796,11998.4,307322.0,,595.0,594.0,9.48,2009,"64,842","9,958","2,813","65,604","13,308","11,441","11,30,818"
2009-08-01,148.27700000000002,,9.6,,12011.2,307570.0,,616.0,586.0,,2009,"64,842","9,958","2,813","65,604","13,308","11,441","11,30,818"
2009-09-01,148.024,,9.8,,12061.1,307826.0,,609.0,585.0,,2009,"64,842","9,958","2,813","65,604","13,308","11,441","11,30,818"
2009-10-01,147.85,14651.249,10.0,102.874,12069.4,308071.0,,583.0,534.0,10.4,2009,"64,842","9,958","2,813","65,604","13,308","11,441","11,30,818"
2009-11-01,148.136,,9.9,,12129.6,308289.0,,623.0,588.0,,2009,"64,842","9,958","2,813","65,604","13,308","11,441","11,30,818"
2009-12-01,147.93,,9.9,,12188.2,308495.0,,664.0,581.0,,2009,"64,842","9,958","2,813","65,604","13,308","11,441","11,30,818"
2010-01-01,147.39600000000002,14764.61,9.8,101.5136,12267.7,308706.0,,636.0,614.0,11.48,2010,"64,525","9,981","2,974","65,197","13,760","11,368","10,42,625"
2010-02-01,145.631,,9.8,,12267.6,308904.0,,650.0,604.0,,2010,"64,525","9,981","2,974","65,197","13,760","11,368","10,42,625"
2010-03-01,145.858,,9.9,,12330.9,309095.0,,687.0,636.0,,2010,"64,525","9,981","2,974","65,197","13,760","11,368","10,42,625"
2010-04-01,146.401,14980.193,9.9,101.3833,12441.8,309289.0,,637.0,687.0,11.08,2010,"64,525","9,981","2,974","65,197","13,760","11,368","10,42,625"
2010-05-01,146.392,,9.6,,12543.7,309485.0,,575.0,583.0,,2010,"64,525","9,981","2,974","65,197","13,760","11,368","10,42,625"
2010-06-01,145.719,,9.4,,12550.7,309691.0,,587.0,536.0,,2010,"64,525","9,981","2,974","65,197","13,760","11,368","10,42,625"
2010-07-01,144.987,15141.607,9.4,99.1217,12588.7,309913.0,,579.0,546.0,10.66,2010,"64,525","9,981","2,974","65,197","13,760","11,368","10,42,625"
2010-08-01,143.912,,9.5,,12652.9,310146.0,,580.0,599.0,,2010,"64,525","9,981","2,974","65,197","13,760","11,368","10,42,625"
2010-09-01,143.015,,9.5,,12673.4,310385.0,,563.0,594.0,,2010,"64,525","9,981","2,974","65,197","13,760","11,368","10,42,625"
2010-10-01,142.526,15309.474,9.4,97.997,12723.6,310612.0,,558.0,543.0,10.33,2010,"64,525","9,981","2,974","65,197","13,760","11,368","10,42,625"
2010-11-01,142.167,,9.8,,12765.5,310820.0,,560.0,545.0,,2010,"64,525","9,981","2,974","65,197","13,760","11,368","10,42,625"
2010-12-01,142.054,,9.3,,12873.1,311020.0,,632.0,539.0,,2010,"64,525","9,981","2,974","65,197","13,760","11,368","10,42,625"
2011-01-01,141.516,15351.448,9.1,95.091,13080.7,311204.0,,576.0,630.0,10.36,2011,"64,381","10,670","2,929","65,000","13,762","11,306","10,62,040"
2011-02-01,140.343,,9.0,,13155.6,311373.0,,542.0,517.0,,2011,"64,381","10,670","2,929","65,000","13,762","11,306","10,62,040"
2011-03-01,139.975,,9.0,,13178.2,311551.0,,583.0,600.0,,2011,"64,381","10,670","2,929","65,000","13,762","11,306","10,62,040"
2011-04-01,140.007,15557.539,9.1,93.9779,13212.8,311740.0,,581.0,554.0,10.55,2011,"64,381","10,670","2,929","65,000","13,762","11,306","10,62,040"
2011-05-01,139.903,,9.0,,13239.1,311935.0,,618.0,561.0,,2011,"64,381","10,670","2,929","65,000","13,762","11,306","10,62,040"
2011-06-01,139.86,,9.1,,13295.7,312147.0,,636.0,608.0,,2011,"64,381","10,670","2,929","65,000","13,762","11,306","10,62,040"
2011-07-01,139.72799999999998,15647.68,9.0,93.9588,13375.8,312372.0,,621.0,623.0,10.5,2011,"64,381","10,670","2,929","65,000","13,762","11,306","10,62,040"
2011-08-01,139.308,,9.0,,13400.3,312605.0,,647.0,585.0,,2011,"64,381","10,670","2,929","65,000","13,762","11,306","10,62,040"
2011-09-01,138.667,,9.0,,13401.5,312842.0,,610.0,650.0,,2011,"64,381","10,670","2,929","65,000","13,762","11,306","10,62,040"
2011-10-01,137.951,15842.259,8.8,93.9934,13406.4,313060.0,,671.0,610.0,10.25,2011,"64,381","10,670","2,929","65,000","13,762","11,306","10,62,040"
2011-11-01,137.15,,8.6,,13419.7,313260.0,,706.0,711.0,,2011,"64,381","10,670","2,929","65,000","13,762","11,306","10,62,040"
2011-12-01,136.672,,8.5,,13548.9,313454.0,,697.0,694.0,,2011,"64,381","10,670","2,929","65,000","13,762","11,306","10,62,040"
2012-01-01,136.606,16068.805,8.3,94.0927,13631.6,313636.0,,712.0,723.0,10.33,2012,"65,281","10,696","2,864","66,049","14,215","11,193","10,31,631"
2012-02-01,136.531,,8.3,,13731.1,313811.0,,738.0,704.0,,2012,"65,281","10,696","2,864","66,049","14,215","11,193","10,31,631"
2012-03-01,137.90200000000002,,8.2,,13798.5,313993.0,,806.0,695.0,,2012,"65,281","10,696","2,864","66,049","14,215","11,193","10,31,631"
2012-04-01,139.151,16207.115,8.2,95.7299,13868.1,314176.0,,732.0,753.0,10.45,2012,"65,281","10,696","2,864","66,049","14,215","11,193","10,31,631"
2012-05-01,140.15200000000002,,8.2,,13850.3,314368.0,,796.0,708.0,,2012,"65,281","10,696","2,864","66,049","14,215","11,193","10,31,631"
2012-06-01,141.028,,8.2,,13837.1,314576.0,,794.0,757.0,,2012,"65,281","10,696","2,864","66,049","14,215","11,193","10,31,631"
2012-07-01,141.66899999999998,16319.541,8.2,97.4306,13752.9,314796.0,,849.0,740.0,10.48,2012,"65,281","10,696","2,864","66,049","14,215","11,193","10,31,631"
2012-08-01,142.278,,8.1,,13768.5,315031.0,,840.0,754.0,,2012,"65,281","10,696","2,864","66,049","14,215","11,193","10,31,631"
2012-09-01,142.906,,7.8,,13914.1,315264.0,,930.0,847.0,,2012,"65,281","10,696","2,864","66,049","14,215","11,193","10,31,631"
2012-10-01,143.597,16420.419,7.8,99.5454,14049.2,315485.0,,887.0,915.0,10.02,2012,"65,281","10,696","2,864","66,049","14,215","11,193","10,31,631"
2012-11-01,144.58,,7.7,,14230.7,315692.0,,917.0,833.0,,2012,"65,281","10,696","2,864","66,049","14,215","11,193","10,31,631"
2012-12-01,145.497,,7.9,,14581.4,315877.0,,941.0,976.0,,2012,"65,281","10,696","2,864","66,049","14,215","11,193","10,31,631"
2013-01-01,146.82299999999998,16648.189,8.0,101.4535,13880.4,316038.0,,940.0,888.0,9.73,2013,"65,369","10,954","3,124","66,287","14,434","11,225","9,90,553"
2013-02-01,147.781,,7.7,,13902.0,316191.0,,980.0,962.0,,2013,"65,369","10,954","3,124","66,287","14,434","11,225","9,90,553"
2013-03-01,149.96,,7.5,,13932.2,316357.0,,936.0,1010.0,,2013,"65,369","10,954","3,124","66,287","14,434","11,225","9,90,553"
2013-04-01,151.517,16728.687,7.6,103.5181,13974.9,316535.0,,1012.0,835.0,9.32,2013,"65,369","10,954","3,124","66,287","14,434","11,225","9,90,553"
2013-05-01,152.849,,7.5,,14052.5,316729.0,,1003.0,930.0,,2013,"65,369","10,954","3,124","66,287","14,434","11,225","9,90,553"
2013-06-01,154.19899999999998,,7.5,,14083.9,316934.0,,942.0,839.0,,2013,"65,369","10,954","3,124","66,287","14,434","11,225","9,90,553"
2013-07-01,155.60399999999998,16953.838,7.3,105.7115,14072.0,317156.0,,997.0,880.0,8.66,2013,"65,369","10,954","3,124","66,287","14,434","11,225","9,90,553"
2013-08-01,156.961,,7.2,,14117.3,317397.0,,964.0,917.0,,2013,"65,369","10,954","3,124","66,287","14,434","11,225","9,90,553"
2013-09-01,158.22299999999998,,7.2,,14181.7,317635.0,,1004.0,850.0,,2013,"65,369","10,954","3,124","66,287","14,434","11,225","9,90,553"
2013-10-01,159.239,17192.019,7.2,108.0537,14152.3,317864.0,,1044.0,925.0,8.3,2013,"65,369","10,954","3,124","66,287","14,434","11,225","9,90,553"
2013-11-01,160.07299999999998,,6.9,,14209.6,318076.0,,1029.0,1100.0,,2013,"65,369","10,954","3,124","66,287","14,434","11,225","9,90,553"
2013-12-01,160.99200000000002,,6.7,,14266.5,318276.0,,1005.0,1002.0,,2013,"65,369","10,954","3,124","66,287","14,434","11,225","9,90,553"
2014-01-01,161.923,17197.738,6.6,108.6402,14369.2,318464.0,,976.0,888.0,7.77,2014,"65,853","10,729","3,059","66,732","14,614","11,214","10,16,518"
2014-02-01,162.52100000000002,,6.7,,14456.4,318642.0,,1039.0,944.0,,2014,"65,853","10,729","3,059","66,732","14,614","11,214","10,16,518"
2014-03-01,163.08100000000002,,6.7,,14555.0,318827.0,,1067.0,970.0,,2014,"65,853","10,729","3,059","66,732","14,614","11,214","10,16,518"
2014-04-01,163.388,17518.508,6.2,108.0436,14624.5,319020.0,,1090.0,1043.0,7.43,2014,"65,853","10,729","3,059","66,732","14,614","11,214","10,16,518"
2014-05-01,163.655,,6.3,,14689.5,319225.0,,1018.0,1007.0,,2014,"65,853","10,729","3,059","66,732","14,614","11,214","10,16,518"
2014-06-01,164.065,,6.1,,14760.1,319438.0,,1010.0,911.0,,2014,"65,853","10,729","3,059","66,732","14,614","11,214","10,16,518"
2014-07-01,164.584,17804.228,6.2,109.3539,14821.1,319670.0,,1076.0,1085.0,7.06,2014,"65,853","10,729","3,059","66,732","14,614","11,214","10,16,518"
2014-08-01,165.21099999999998,,6.1,,14894.2,319919.0,,1047.0,984.0,,2014,"65,853","10,729","3,059","66,732","14,614","11,214","10,16,518"
2014-09-01,165.90099999999998,,5.9,,14951.2,320166.0,,1077.0,1023.0,,2014,"65,853","10,729","3,059","66,732","14,614","11,214","10,16,518"
2014-10-01,166.637,17912.079,5.7,111.9163,15022.7,320403.0,,1094.0,1074.0,6.5,2014,"65,853","10,729","3,059","66,732","14,614","11,214","10,16,518"
2014-11-01,167.331,,5.8,,15094.0,320616.0,,1059.0,1001.0,,2014,"65,853","10,729","3,059","66,732","14,614","11,214","10,16,518"
2014-12-01,168.045,,5.6,,15170.9,320815.0,,1072.0,1073.0,,2014,"65,853","10,729","3,059","66,732","14,614","11,214","10,16,518"
2015-01-01,168.625,18063.529,5.7,113.9643,15230.8,320997.0,,1049.0,1085.0,6.24,2015,"66,347","10,952","3,270","67,217","14,874","11,331","10,51,031"
2015-02-01,169.122,,5.5,,15313.3,321164.0,,1127.0,886.0,,2015,"66,347","10,952","3,270","67,217","14,874","11,331","10,51,031"
2015-03-01,169.793,,5.4,,15314.2,321344.0,,1072.0,960.0,,2015,"66,347","10,952","3,270","67,217","14,874","11,331","10,51,031"
2015-04-01,170.293,18279.784,5.4,113.9126,15373.5,321538.0,,1166.0,1190.0,5.82,2015,"66,347","10,952","3,270","67,217","14,874","11,331","10,51,031"
2015-05-01,170.875,,5.6,,15442.7,321740.0,,1272.0,1079.0,,2015,"66,347","10,952","3,270","67,217","14,874","11,331","10,51,031"
2015-06-01,171.475,,5.3,,15479.0,321954.0,,1379.0,1205.0,,2015,"66,347","10,952","3,270","67,217","14,874","11,331","10,51,031"
2015-07-01,172.145,18401.626,5.2,115.2132,15518.6,322186.0,,1140.0,1146.0,5.39,2015,"66,347","10,952","3,270","67,217","14,874","11,331","10,51,031"
2015-08-01,172.93,,5.1,,15550.5,322427.0,,1165.0,1130.0,,2015,"66,347","10,952","3,270","67,217","14,874","11,331","10,51,031"
2015-09-01,173.82299999999998,,5.0,,15570.5,322670.0,,1144.0,1224.0,,2015,"66,347","10,952","3,270","67,217","14,874","11,331","10,51,031"
2015-10-01,174.787,18435.137,5.0,117.4416,15608.0,322901.0,,1160.0,1058.0,5.11,2015,"66,347","10,952","3,270","67,217","14,874","11,331","10,51,031"
2015-11-01,175.733,,5.1,,15615.4,323113.0,,1244.0,1172.0,,2015,"66,347","10,952","3,270","67,217","14,874","11,331","10,51,031"
2015-12-01,176.537,,5.0,,15668.4,323318.0,,1211.0,1146.0,,2015,"66,347","10,952","3,270","67,217","14,874","11,331","10,51,031"
2016-01-01,177.262,18525.933,4.8,118.7811,15695.5,323509.0,,1171.0,1092.0,4.78,2016,"66,695","10,708","3,469","67,450","14,831","11,387","11,83,505"
2016-02-01,177.64,,4.9,,15695.9,323687.0,,1172.0,1225.0,,2016,"66,695","10,708","3,469","67,450","14,831","11,387","11,83,505"
2016-03-01,178.15599999999998,,5.0,,15731.6,323871.0,,1118.0,1111.0,,2016,"66,695","10,708","3,469","67,450","14,831","11,387","11,83,505"
2016-04-01,178.757,18711.702,5.1,118.7286,15758.9,324061.0,,1160.0,1163.0,4.59,2016,"66,695","10,708","3,469","67,450","14,831","11,387","11,83,505"
2016-05-01,179.419,,4.8,,15777.2,324260.0,,1205.0,1148.0,,2016,"66,695","10,708","3,469","67,450","14,831","11,387","11,83,505"
2016-06-01,180.08599999999998,,4.9,,15821.4,324476.0,,1208.0,1203.0,,2016,"66,695","10,708","3,469","67,450","14,831","11,387","11,83,505"
2016-07-01,180.846,18892.639,4.8,119.965,15891.5,324697.0,1463007.0,1198.0,1239.0,4.38,2016,"66,695","10,708","3,469","67,450","14,831","11,387","11,83,505"
2016-08-01,181.836,,4.9,,15931.3,324924.0,1460048.0,1201.0,1171.0,,2016,"66,695","10,708","3,469","67,450","14,831","11,387","11,83,505"
2016-09-01,182.81,,5.0,,15999.1,325155.0,1443081.0,1303.0,1068.0,,2016,"66,695","10,708","3,469","67,450","14,831","11,387","11,83,505"
2016-10-01,183.739,19089.379,4.9,121.5719,16059.4,325368.0,1407698.0,1254.0,1313.0,4.14,2016,"66,695","10,708","3,469","67,450","14,831","11,387","11,83,505"
2016-11-01,184.748,,4.7,,16107.6,325562.0,1339703.0,1230.0,1140.0,,2016,"66,695","10,708","3,469","67,450","14,831","11,387","11,83,505"
2016-12-01,185.711,,4.7,,16182.5,325742.0,1235985.0,1248.0,1252.0,,2016,"66,695","10,708","3,469","67,450","14,831","11,387","11,83,505"
2017-01-01,186.793,19280.084,4.7,122.2383,16293.3,325901.0,1154120.0,1303.0,1190.0,3.91,2017,"67,667","10,891","3,277","68,082","14,591","11,642","11,27,167"
2017-02-01,187.311,,4.6,,16363.5,326050.0,1151120.0,1234.0,1271.0,,2017,"67,667","10,891","3,277","68,082","14,591","11,642","11,27,167"
2017-03-01,187.989,,4.4,,16415.1,326207.0,1172713.0,1272.0,1190.0,,2017,"67,667","10,891","3,277","68,082","14,591","11,642","11,27,167"
2017-04-01,188.719,19438.643,4.4,123.3065,16476.0,326371.0,1198424.0,1251.0,1146.0,3.68,2017,"67,667","10,891","3,277","68,082","14,591","11,642","11,27,167"
2017-05-01,189.607,,4.4,,16573.2,326548.0,1253854.0,1208.0,1157.0,,2017,"67,667","10,891","3,277","68,082","14,591","11,642","11,27,167"
2017-06-01,190.514,,4.3,,16604.0,326743.0,1292371.0,1353.0,1249.0,,2017,"67,667","10,891","3,277","68,082","14,591","11,642","11,27,167"
2017-07-01,191.46,19692.595,4.3,124.7077,16665.9,326939.0,1322659.0,1256.0,1206.0,3.64,2017,"67,667","10,891","3,277","68,082","14,591","11,642","11,27,167"
2017-08-01,192.647,,4.4,,16733.7,327140.0,1325358.0,1319.0,1159.0,,2017,"67,667","10,891","3,277","68,082","14,591","11,642","11,27,167"
2017-09-01,193.742,,4.3,,16841.9,327342.0,1308607.0,1273.0,1181.0,,2017,"67,667","10,891","3,277","68,082","14,591","11,642","11,27,167"
2017-10-01,194.788,20037.088,4.2,126.2222,16930.8,327528.0,1287322.0,1356.0,1257.0,3.57,2017,"67,667","10,891","3,277","68,082","14,591","11,642","11,27,167"
2017-11-01,195.941,,4.2,,16997.5,327699.0,1228077.0,1299.0,1273.0,,2017,"67,667","10,891","3,277","68,082","14,591","11,642","11,27,167"
2017-12-01,197.161,,4.1,,17058.2,327848.0,1127799.0,1311.0,1177.0,,2017,"67,667","10,891","3,277","68,082","14,591","11,642","11,27,167"
2018-01-01,198.302,20328.553,4.0,127.0584,17141.7,327969.0,1043951.0,1317.0,1299.0,3.48,2018,"67,976","11,060","3,405","68,530","14,833","11,691","10,96,611"
2018-02-01,199.229,,4.1,,17204.1,328085.0,1045153.0,1321.0,1277.0,,2018,"67,976","11,060","3,405","68,530","14,833","11,691","10,96,611"
2018-03-01,199.967,,4.0,,17268.2,328219.0,1067281.0,1385.0,1318.0,,2018,"67,976","11,060","3,405","68,530","14,833","11,691","10,96,611"
2018-04-01,200.661,20580.912,4.0,127.2066,17328.7,328364.0,1102064.0,1378.0,1276.0,3.22,2018,"67,976","11,060","3,405","68,530","14,833","11,691","10,96,611"
2018-05-01,201.424,,3.8,,17404.4,328521.0,1156910.0,1338.0,1357.0,,2018,"67,976","11,060","3,405","68,530","14,833","11,691","10,96,611"
2018-06-01,202.236,,4.0,,17488.4,328692.0,1216504.0,1345.0,1192.0,,2018,"67,976","11,060","3,405","68,530","14,833","11,691","10,96,611"
2018-07-01,202.907,20798.73,3.8,128.0468,17587.6,328863.0,1261916.0,1334.0,1208.0,2.99,2018,"67,976","11,060","3,405","68,530","14,833","11,691","10,96,611"
2018-08-01,203.659,,3.8,,17664.0,329040.0,1285666.0,1273.0,1288.0,,2018,"67,976","11,060","3,405","68,530","14,833","11,691","10,96,611"
2018-09-01,204.314,,3.7,,17693.5,329216.0,1301922.0,1314.0,1250.0,,2018,"67,976","11,060","3,405","68,530","14,833","11,691","10,96,611"
2018-10-01,205.077,20917.867,3.8,129.2451,17749.8,329379.0,1304682.0,1272.0,1221.0,2.83,2018,"67,976","11,060","3,405","68,530","14,833","11,691","10,96,611"
2018-11-01,205.65,,3.8,,17795.7,329527.0,1273047.0,1340.0,1181.0,,2018,"67,976","11,060","3,405","68,530","14,833","11,691","10,96,611"
2018-12-01,206.141,,3.9,,18012.4,329659.0,1185865.0,1317.0,1095.0,,2018,"67,976","11,060","3,405","68,530","14,833","11,691","10,96,611"
2019-01-01,206.536,21104.133,4.0,129.7742,18053.9,329766.0,1110636.0,1261.0,1226.0,2.69,2019,"68,504","10,655","3,465","69,254","14,804","11,412","10,31,765"
2019-02-01,206.862,,3.8,,18151.4,329862.0,1102660.0,1287.0,1121.0,,2019,"68,504","10,655","3,465","69,254","14,804","11,412","10,31,765"
2019-03-01,207.083,,3.8,,18229.5,329977.0,1115940.0,1305.0,1191.0,,2019,"68,504","10,655","3,465","69,254","14,804","11,412","10,31,765"
2019-04-01,207.535,21384.775,3.7,129.4642,18262.1,330103.0,1137198.0,1311.0,1272.0,2.6,2019,"68,504","10,655","3,465","69,254","14,804","11,412","10,31,765"
2019-05-01,208.148,,3.6,,18277.0,330240.0,1180920.0,1347.0,1293.0,,2019,"68,504","10,655","3,465","69,254","14,804","11,412","10,31,765"
2019-06-01,208.642,,3.6,,18310.5,330393.0,1219807.0,1315.0,1243.0,,2019,"68,504","10,655","3,465","69,254","14,804","11,412","10,31,765"
2019-07-01,209.247,21694.282,3.7,130.6581,18328.6,330553.0,1239534.0,1352.0,1240.0,2.44,2019,"68,504","10,655","3,465","69,254","14,804","11,412","10,31,765"
2019-08-01,210.028,,3.6,,18423.6,330729.0,1235257.0,1489.0,1375.0,,2019,"68,504","10,655","3,465","69,254","14,804","11,412","10,31,765"
2019-09-01,210.838,,3.5,,18474.4,330904.0,1224868.0,1474.0,1311.0,,2019,"68,504","10,655","3,465","69,254","14,804","11,412","10,31,765"
2019-10-01,211.725,21902.39,3.6,132.3087,18549.5,331066.0,1208311.0,1525.0,1325.0,2.34,2019,"68,504","10,655","3,465","69,254","14,804","11,412","10,31,765"
2019-11-01,212.765,,3.6,,18630.7,331213.0,1143332.0,1527.0,1353.0,,2019,"68,504","10,655","3,465","69,254","14,804","11,412","10,31,765"
2019-12-01,213.93400000000003,,3.6,,18583.8,331345.0,1033887.0,1451.0,1548.0,,2019,"68,504","10,655","3,465","69,254","14,804","11,412","10,31,765"
2020-01-01,215.032,21706.513,3.6,133.6476,18821.5,331443.0,951675.0,1507.0,1578.0,2.35,2020,"68,431","10,667","3,479","69,341","14,681","11,267","7,07,362"
2020-02-01,215.902,,3.5,,18925.6,331525.0,928343.0,1442.0,1537.0,,2020,"68,431","10,667","3,479","69,341","14,681","11,267","7,07,362"
2020-03-01,216.462,,4.4,,18577.4,331642.0,937319.0,1358.0,1252.0,,2020,"68,431","10,667","3,479","69,341","14,681","11,267","7,07,362"
2020-04-01,216.862,19913.143,14.8,135.4362,20750.9,331699.0,941733.0,1066.0,931.0,2.54,2020,"68,431","10,667","3,479","69,341","14,681","11,267","7,07,362"
2020-05-01,216.992,,13.2,,19877.2,331701.0,928370.0,1260.0,1053.0,,2020,"68,431","10,667","3,479","69,341","14,681","11,267","7,07,362"
2020-06-01,217.576,,11.0,,19920.9,331744.0,871557.0,1338.0,1254.0,,2020,"68,431","10,667","3,479","69,341","14,681","11,267","7,07,362"
2020-07-01,219.286,21647.64,10.2,138.2994,20191.5,331811.0,822834.0,1546.0,1523.0,2.83,2020,"68,431","10,667","3,479","69,341","14,681","11,267","7,07,362"
2020-08-01,222.267,,8.4,,19594.2,331885.0,779558.0,1529.0,1401.0,,2020,"68,431","10,667","3,479","69,341","14,681","11,267","7,07,362"
2020-09-01,225.727,,7.8,,19744.9,331966.0,749395.0,1624.0,1463.0,,2020,"68,431","10,667","3,479","69,341","14,681","11,267","7,07,362"
2020-10-01,229.644,22024.502,6.8,143.1677,19758.5,332041.0,734040.0,1613.0,1543.0,2.75,2020,"68,431","10,667","3,479","69,341","14,681","11,267","7,07,362"
2020-11-01,233.212,,6.7,,19610.4,332079.0,683822.0,1714.0,1553.0,,2020,"68,431","10,667","3,479","69,341","14,681","11,267","7,07,362"
2020-12-01,236.532,,6.7,,19775.2,332062.0,612300.0,1744.0,1635.0,,2020,"68,431","10,667","3,479","69,341","14,681","11,267","7,07,362"
2021-01-01,239.686,22600.185,6.4,146.1261,21760.9,332007.0,531775.0,1883.0,1639.0,2.68,2021,"67,544","10,824","3,582","68,331","15,085","11,612","7,40,002"
2021-02-01,242.44,,6.2,,20254.0,331983.0,464919.0,1715.0,1407.0,,2021,"67,544","10,824","3,582","68,331","15,085","11,612","7,40,002"
2021-03-01,245.554,,6.1,,24471.8,332023.0,440589.0,1732.0,1668.0,,2021,"67,544","10,824","3,582","68,331","15,085","11,612","7,40,002"
2021-04-01,249.124,23292.362,6.1,149.5001,21304.2,332089.0,435663.0,1738.0,1492.0,2.48,2021,"67,544","10,824","3,582","68,331","15,085","11,612","7,40,002"
2021-05-01,253.385,,5.8,,20899.7,332161.0,447662.0,1681.0,1607.0,,2021,"67,544","10,824","3,582","68,331","15,085","11,612","7,40,002"
2021-06-01,258.248,,5.9,,20934.3,332249.0,492425.0,1657.0,1638.0,,2021,"67,544","10,824","3,582","68,331","15,085","11,612","7,40,002"
2021-07-01,262.617,23828.973,5.4,153.558,21156.5,332375.0,546686.0,1652.0,1600.0,2.29,2021,"67,544","10,824","3,582","68,331","15,085","11,612","7,40,002"
2021-08-01,266.594,,5.1,,21207.3,332506.0,574638.0,1770.0,1595.0,,2021,"67,544","10,824","3,582","68,331","15,085","11,612","7,40,002"
2021-09-01,270.175,,4.7,,21051.2,332610.0,578070.0,1625.0,1563.0,,2021,"67,544","10,824","3,582","68,331","15,085","11,612","7,40,002"
2021-10-01,273.543,24654.603,4.5,157.3409,21201.4,332708.0,565707.0,1719.0,1587.0,2.29,2021,"67,544","10,824","3,582","68,331","15,085","11,612","7,40,002"
2021-11-01,277.26,,4.1,,21297.7,332806.0,512241.0,1766.0,1704.0,,2021,"67,544","10,824","3,582","68,331","15,085","11,612","7,40,002"
2021-12-01,281.47,,3.9,,21352.9,332891.0,445303.0,1913.0,1757.0,,2021,"67,544","10,824","3,582","68,331","15,085","11,612","7,40,002"
2022-01-01,286.188,25029.116,4.0,160.8385,21294.8,332933.0,376970.0,1915.0,1712.0,2.09,2022,"67,851","10,987","3,704","68,446","14,641","11,481","10,18,349"
2022-02-01,291.266,,3.8,,21426.2,332972.0,346511.0,1860.0,1742.0,,2022,"67,851","10,987","3,704","68,446","14,641","11,481","10,18,349"
2022-03-01,296.538,,3.6,,21510.5,333067.0,354016.0,1879.0,1678.0,,2022,"67,851","10,987","3,704","68,446","14,641","11,481","10,18,349"
2022-04-01,300.573,25544.273,3.7,160.6834,21581.3,333191.0,379978.0,1835.0,1828.0,1.96,2022,"67,851","10,987","3,704","68,446","14,641","11,481","10,18,349"
2022-05-01,303.617,,3.6,,21657.1,333317.0,479462.0,1712.0,1540.0,,2022,"67,851","10,987","3,704","68,446","14,641","11,481","10,18,349"
2022-06-01,304.478,,3.6,,21740.7,333451.0,573650.0,1745.0,1542.0,,2022,"67,851","10,987","3,704","68,446","14,641","11,481","10,18,349"
2022-07-01,303.512,25994.639,3.5,157.5028,21910.5,333599.0,691652.0,1719.0,1392.0,1.84,2022,"67,851","10,987","3,704","68,446","14,641","11,481","10,18,349"
2022-08-01,301.046,,3.6,,22024.3,333762.0,726779.0,1542.0,1520.0,,2022,"67,851","10,987","3,704","68,446","14,641","11,481","10,18,349"
2022-09-01,299.02,,3.5,,22121.5,333925.0,731496.0,1613.0,1470.0,,2022,"67,851","10,987","3,704","68,446","14,641","11,481","10,18,349"
2022-10-01,298.61400000000003,26408.405,3.6,157.4051,22242.2,334071.0,752741.0,1560.0,1440.0,1.79,2022,"67,851","10,987","3,704","68,446","14,641","11,481","10,18,349"
2022-11-01,298.339,,3.6,,22267.7,334206.0,750200.0,1402.0,1420.0,,2022,"67,851","10,987","3,704","68,446","14,641","11,481","10,18,349"
2022-12-01,297.60900000000004,,3.5,,22312.3,334326.0,680925.0,1400.0,1340.0,,2022,"67,851","10,987","3,704","68,446","14,641","11,481","10,18,349"
2023-01-01,297.461,26813.601,3.4,157.4829,22525.3,334433.0,616865.0,1443.0,1361.0,1.74,2023,"68,713","11,082","3,782","69,044","14,882","11,328",
2023-02-01,297.779,,3.6,,22648.4,334544.0,579264.0,1620.0,1404.0,,2023,"68,713","11,082","3,782","69,044","14,882","11,328",
2023-03-01,298.839,,3.5,,22757.9,334664.0,562444.0,1493.0,1342.0,,2023,"68,713","11,082","3,782","69,044","14,882","11,328",
2023-04-01,300.244,27063.012,3.4,157.2887,22806.1,334792.0,562966.0,1470.0,1368.0,1.73,2023,"68,713","11,082","3,782","69,044","14,882","11,328",
2023-05-01,302.323,,3.7,,22876.6,334929.0,582441.0,1532.0,1583.0,,2023,"68,713","11,082","3,782","69,044","14,882","11,328",
2023-06-01,304.366,,3.6,,22921.4,335080.0,614326.0,1493.0,1415.0,,2023,"68,713","11,082","3,782","69,044","14,882","11,328",
2023-07-01,306.474,27610.128,3.5,159.0537,22986.4,335248.0,647135.0,1501.0,1473.0,1.72,2023,"68,713","11,082","3,782","69,044","14,882","11,328",
2023-08-01,308.86400000000003,,3.8,,23094.5,335431.0,669750.0,1578.0,1305.0,,2023,"68,713","11,082","3,782","69,044","14,882","11,328",
2023-09-01,310.92400000000004,,3.8,,23176.2,335612.0,702430.0,1515.0,1363.0,,2023,"68,713","11,082","3,782","69,044","14,882","11,328",
2023-10-01,312.772,27956.998,3.8,160.806,23189.4,335773.0,738082.0,1534.0,1365.0,1.7,2023,"68,713","11,082","3,782","69,044","14,882","11,328",
2023-11-01,313.658,,3.7,,23241.5,335925.0,755489.0,1508.0,1510.0,,2023,"68,713","11,082","3,782","69,044","14,882","11,328",
2023-12-01,314.42900000000003,,3.7,,23311.6,336070.0,714176.0,1530.0,1568.0,,2023,"68,713","11,082","3,782","69,044","14,882","11,328",
2024-01-01,315.78700000000003,28269.174,3.7,160.6163,23560.0,336194.0,665569.0,1508.0,1376.0,1.71,2024,,,,,,,
2024-02-01,317.332,,3.9,,23626.3,336306.0,664716.0,1563.0,1546.0,,2024,,,,,,,
2024-03-01,318.308,,3.8,,23746.6,336423.0,694820.0,1485.0,1299.0,,2024,,,,,,,
2024-04-01,319.326,28629.153,3.9,,23799.3,336550.0,734318.0,1440.0,1377.0,1.73,2024,,,,,,,
2024-05-01,320.144,,4.0,,23898.0,336687.0,787722.0,1399.0,1315.0,,2024,,,,,,,
